"day","month","year","acc_temp","test_temp","rep","conc","obs","count","size_adult","size_offspring","time_brood","brood_number","date_manual","date","test"
9,7,2019,20,20,1,60,"s",NA,NA,NA,NA,NA,2019-07-09,2019-07-09,"20 20 1 60"
9,7,2019,20,15,1,60,"s",NA,NA,NA,NA,NA,2019-07-09,2019-07-09,"20 15 1 60"
9,7,2019,20,25,1,60,"s",NA,NA,NA,NA,NA,2019-07-09,2019-07-09,"20 25 1 60"
9,7,2019,15,20,1,60,"s",NA,NA,NA,NA,NA,2019-07-09,2019-07-09,"15 20 1 60"
9,7,2019,20,20,1,0,"s",NA,NA,NA,NA,NA,2019-07-09,2019-07-09,"20 20 1 0"
9,7,2019,20,15,1,0,"s",NA,NA,NA,NA,NA,2019-07-09,2019-07-09,"20 15 1 0"
9,7,2019,20,25,1,0,"s",NA,NA,NA,NA,NA,2019-07-09,2019-07-09,"20 25 1 0"
9,7,2019,15,20,1,0,"s",NA,NA,NA,NA,NA,2019-07-09,2019-07-09,"15 20 1 0"
9,7,2019,20,20,1,6,"s",NA,NA,NA,NA,NA,2019-07-09,2019-07-09,"20 20 1 6"
9,7,2019,20,15,1,6,"s",NA,NA,NA,NA,NA,2019-07-09,2019-07-09,"20 15 1 6"
9,7,2019,20,25,1,6,"s",NA,NA,NA,NA,NA,2019-07-09,2019-07-09,"20 25 1 6"
9,7,2019,15,20,1,6,"s",NA,NA,NA,NA,NA,2019-07-09,2019-07-09,"15 20 1 6"
9,7,2019,20,20,1,9,"s",NA,NA,NA,NA,NA,2019-07-09,2019-07-09,"20 20 1 9"
9,7,2019,20,15,1,9,"s",NA,NA,NA,NA,NA,2019-07-09,2019-07-09,"20 15 1 9"
9,7,2019,20,25,1,9,"s",NA,NA,NA,NA,NA,2019-07-09,2019-07-09,"20 25 1 9"
9,7,2019,15,20,1,9,"s",NA,NA,NA,NA,NA,2019-07-09,2019-07-09,"15 20 1 9"
9,7,2019,20,20,1,13,"s",NA,NA,NA,NA,NA,2019-07-09,2019-07-09,"20 20 1 13"
9,7,2019,20,15,1,13,"s",NA,NA,NA,NA,NA,2019-07-09,2019-07-09,"20 15 1 13"
9,7,2019,20,25,1,13,"s",NA,NA,NA,NA,NA,2019-07-09,2019-07-09,"20 25 1 13"
9,7,2019,15,20,1,13,"s",NA,NA,NA,NA,NA,2019-07-09,2019-07-09,"15 20 1 13"
9,7,2019,20,20,1,20,"s",NA,NA,NA,NA,NA,2019-07-09,2019-07-09,"20 20 1 20"
9,7,2019,20,15,1,20,"s",NA,NA,NA,NA,NA,2019-07-09,2019-07-09,"20 15 1 20"
9,7,2019,20,25,1,20,"s",NA,NA,NA,NA,NA,2019-07-09,2019-07-09,"20 25 1 20"
9,7,2019,15,20,1,20,"s",NA,NA,NA,NA,NA,2019-07-09,2019-07-09,"15 20 1 20"
9,7,2019,20,20,1,30,"s",NA,NA,NA,NA,NA,2019-07-09,2019-07-09,"20 20 1 30"
9,7,2019,20,15,1,30,"s",NA,NA,NA,NA,NA,2019-07-09,2019-07-09,"20 15 1 30"
9,7,2019,20,25,1,30,"s",NA,NA,NA,NA,NA,2019-07-09,2019-07-09,"20 25 1 30"
9,7,2019,15,20,1,30,"s",NA,NA,NA,NA,NA,2019-07-09,2019-07-09,"15 20 1 30"
9,7,2019,20,20,1,45,"s",NA,NA,NA,NA,NA,2019-07-09,2019-07-09,"20 20 1 45"
9,7,2019,20,15,1,45,"s",NA,NA,NA,NA,NA,2019-07-09,2019-07-09,"20 15 1 45"
9,7,2019,20,25,1,45,"s",NA,NA,NA,NA,NA,2019-07-09,2019-07-09,"20 25 1 45"
9,7,2019,15,20,1,45,"s",NA,NA,NA,NA,NA,2019-07-09,2019-07-09,"15 20 1 45"
10,7,2019,20,20,2,60,"s",NA,NA,NA,NA,NA,2019-07-10,2019-07-10,"20 20 2 60"
10,7,2019,15,15,1,60,"s",NA,NA,NA,NA,NA,2019-07-10,2019-07-10,"15 15 1 60"
10,7,2019,20,20,2,0,"s",NA,NA,NA,NA,NA,2019-07-10,2019-07-10,"20 20 2 0"
10,7,2019,15,15,1,0,"s",NA,NA,NA,NA,NA,2019-07-10,2019-07-10,"15 15 1 0"
10,7,2019,20,20,2,6,"s",NA,NA,NA,NA,NA,2019-07-10,2019-07-10,"20 20 2 6"
10,7,2019,15,15,1,6,"s",NA,NA,NA,NA,NA,2019-07-10,2019-07-10,"15 15 1 6"
10,7,2019,20,20,2,9,"s",NA,NA,NA,NA,NA,2019-07-10,2019-07-10,"20 20 2 9"
10,7,2019,15,15,1,9,"s",NA,NA,NA,NA,NA,2019-07-10,2019-07-10,"15 15 1 9"
10,7,2019,20,20,2,13,"s",NA,NA,NA,NA,NA,2019-07-10,2019-07-10,"20 20 2 13"
10,7,2019,15,15,1,13,"s",NA,NA,NA,NA,NA,2019-07-10,2019-07-10,"15 15 1 13"
10,7,2019,20,20,2,20,"s",NA,NA,NA,NA,NA,2019-07-10,2019-07-10,"20 20 2 20"
10,7,2019,15,15,1,20,"s",NA,NA,NA,NA,NA,2019-07-10,2019-07-10,"15 15 1 20"
10,7,2019,20,20,2,30,"s",NA,NA,NA,NA,NA,2019-07-10,2019-07-10,"20 20 2 30"
10,7,2019,15,15,1,30,"s",NA,NA,NA,NA,NA,2019-07-10,2019-07-10,"15 15 1 30"
10,7,2019,20,20,2,45,"s",NA,NA,NA,NA,NA,2019-07-10,2019-07-10,"20 20 2 45"
10,7,2019,15,15,1,45,"s",NA,NA,NA,NA,NA,2019-07-10,2019-07-10,"15 15 1 45"
11,7,2019,20,15,2,60,"s",NA,NA,NA,NA,NA,2019-07-11,2019-07-11,"20 15 2 60"
11,7,2019,20,25,2,60,"s",NA,NA,NA,NA,NA,2019-07-11,2019-07-11,"20 25 2 60"
11,7,2019,20,15,2,0,"s",NA,NA,NA,NA,NA,2019-07-11,2019-07-11,"20 15 2 0"
11,7,2019,20,25,2,0,"s",NA,NA,NA,NA,NA,2019-07-11,2019-07-11,"20 25 2 0"
11,7,2019,20,15,2,6,"s",NA,NA,NA,NA,NA,2019-07-11,2019-07-11,"20 15 2 6"
11,7,2019,20,25,2,6,"s",NA,NA,NA,NA,NA,2019-07-11,2019-07-11,"20 25 2 6"
11,7,2019,20,15,2,9,"s",NA,NA,NA,NA,NA,2019-07-11,2019-07-11,"20 15 2 9"
11,7,2019,20,25,2,9,"s",NA,NA,NA,NA,NA,2019-07-11,2019-07-11,"20 25 2 9"
11,7,2019,20,15,2,13,"s",NA,NA,NA,NA,NA,2019-07-11,2019-07-11,"20 15 2 13"
11,7,2019,20,25,2,13,"s",NA,NA,NA,NA,NA,2019-07-11,2019-07-11,"20 25 2 13"
11,7,2019,20,15,2,20,"s",NA,NA,NA,NA,NA,2019-07-11,2019-07-11,"20 15 2 20"
11,7,2019,20,25,2,20,"s",NA,NA,NA,NA,NA,2019-07-11,2019-07-11,"20 25 2 20"
11,7,2019,20,15,2,30,"s",NA,NA,NA,NA,NA,2019-07-11,2019-07-11,"20 15 2 30"
11,7,2019,20,25,2,30,"s",NA,NA,NA,NA,NA,2019-07-11,2019-07-11,"20 25 2 30"
11,7,2019,20,15,2,45,"s",NA,NA,NA,NA,NA,2019-07-11,2019-07-11,"20 15 2 45"
11,7,2019,20,25,2,45,"s",NA,NA,NA,NA,NA,2019-07-11,2019-07-11,"20 25 2 45"
12,7,2019,15,25,1,60,"s",NA,NA,NA,NA,NA,2019-07-12,2019-07-12,"15 25 1 60"
12,7,2019,20,20,1,60,"d",NA,NA,NA,NA,NA,2019-07-12,2019-07-12,"20 20 1 60"
12,7,2019,15,25,1,0,"s",NA,NA,NA,NA,NA,2019-07-12,2019-07-12,"15 25 1 0"
12,7,2019,15,25,1,6,"s",NA,NA,NA,NA,NA,2019-07-12,2019-07-12,"15 25 1 6"
12,7,2019,15,25,1,9,"s",NA,NA,NA,NA,NA,2019-07-12,2019-07-12,"15 25 1 9"
12,7,2019,15,25,1,13,"s",NA,NA,NA,NA,NA,2019-07-12,2019-07-12,"15 25 1 13"
12,7,2019,15,25,1,20,"s",NA,NA,NA,NA,NA,2019-07-12,2019-07-12,"15 25 1 20"
12,7,2019,15,25,1,30,"s",NA,NA,NA,NA,NA,2019-07-12,2019-07-12,"15 25 1 30"
12,7,2019,15,25,1,45,"s",NA,NA,NA,NA,NA,2019-07-12,2019-07-12,"15 25 1 45"
13,7,2019,15,20,2,60,"s",NA,NA,NA,NA,NA,2019-07-13,2019-07-13,"15 20 2 60"
13,7,2019,15,15,2,60,"s",NA,NA,NA,NA,NA,2019-07-13,2019-07-13,"15 15 2 60"
13,7,2019,15,25,2,60,"s",NA,NA,NA,NA,NA,2019-07-13,2019-07-13,"15 25 2 60"
13,7,2019,15,20,3,60,"s",NA,NA,NA,NA,NA,2019-07-13,2019-07-13,"15 20 3 60"
13,7,2019,20,20,2,60,"d",NA,NA,NA,NA,NA,2019-07-13,2019-07-13,"20 20 2 60"
13,7,2019,20,25,1,60,"d",NA,NA,NA,NA,NA,2019-07-13,2019-07-13,"20 25 1 60"
13,7,2019,20,25,2,60,"d",NA,NA,NA,NA,NA,2019-07-13,2019-07-13,"20 25 2 60"
13,7,2019,15,20,2,0,"s",NA,NA,NA,NA,NA,2019-07-13,2019-07-13,"15 20 2 0"
13,7,2019,15,15,2,0,"s",NA,NA,NA,NA,NA,2019-07-13,2019-07-13,"15 15 2 0"
13,7,2019,15,25,2,0,"s",NA,NA,NA,NA,NA,2019-07-13,2019-07-13,"15 25 2 0"
13,7,2019,15,20,3,0,"s",NA,NA,NA,NA,NA,2019-07-13,2019-07-13,"15 20 3 0"
13,7,2019,15,20,2,6,"s",NA,NA,NA,NA,NA,2019-07-13,2019-07-13,"15 20 2 6"
13,7,2019,15,15,2,6,"s",NA,NA,NA,NA,NA,2019-07-13,2019-07-13,"15 15 2 6"
13,7,2019,15,25,2,6,"s",NA,NA,NA,NA,NA,2019-07-13,2019-07-13,"15 25 2 6"
13,7,2019,15,20,3,6,"s",NA,NA,NA,NA,NA,2019-07-13,2019-07-13,"15 20 3 6"
13,7,2019,15,20,2,9,"s",NA,NA,NA,NA,NA,2019-07-13,2019-07-13,"15 20 2 9"
13,7,2019,15,15,2,9,"s",NA,NA,NA,NA,NA,2019-07-13,2019-07-13,"15 15 2 9"
13,7,2019,15,25,2,9,"s",NA,NA,NA,NA,NA,2019-07-13,2019-07-13,"15 25 2 9"
13,7,2019,15,20,3,9,"s",NA,NA,NA,NA,NA,2019-07-13,2019-07-13,"15 20 3 9"
13,7,2019,15,20,2,13,"s",NA,NA,NA,NA,NA,2019-07-13,2019-07-13,"15 20 2 13"
13,7,2019,15,15,2,13,"s",NA,NA,NA,NA,NA,2019-07-13,2019-07-13,"15 15 2 13"
13,7,2019,15,25,2,13,"s",NA,NA,NA,NA,NA,2019-07-13,2019-07-13,"15 25 2 13"
13,7,2019,15,20,3,13,"s",NA,NA,NA,NA,NA,2019-07-13,2019-07-13,"15 20 3 13"
13,7,2019,15,20,2,20,"s",NA,NA,NA,NA,NA,2019-07-13,2019-07-13,"15 20 2 20"
13,7,2019,15,15,2,20,"s",NA,NA,NA,NA,NA,2019-07-13,2019-07-13,"15 15 2 20"
13,7,2019,15,25,2,20,"s",NA,NA,NA,NA,NA,2019-07-13,2019-07-13,"15 25 2 20"
13,7,2019,15,20,3,20,"s",NA,NA,NA,NA,NA,2019-07-13,2019-07-13,"15 20 3 20"
13,7,2019,15,20,2,30,"s",NA,NA,NA,NA,NA,2019-07-13,2019-07-13,"15 20 2 30"
13,7,2019,15,15,2,30,"s",NA,NA,NA,NA,NA,2019-07-13,2019-07-13,"15 15 2 30"
13,7,2019,15,25,2,30,"s",NA,NA,NA,NA,NA,2019-07-13,2019-07-13,"15 25 2 30"
13,7,2019,15,20,3,30,"s",NA,NA,NA,NA,NA,2019-07-13,2019-07-13,"15 20 3 30"
13,7,2019,15,20,2,45,"s",NA,NA,NA,NA,NA,2019-07-13,2019-07-13,"15 20 2 45"
13,7,2019,15,15,2,45,"s",NA,NA,NA,NA,NA,2019-07-13,2019-07-13,"15 15 2 45"
13,7,2019,15,25,2,45,"s",NA,NA,NA,NA,NA,2019-07-13,2019-07-13,"15 25 2 45"
13,7,2019,15,20,3,45,"s",NA,NA,NA,NA,NA,2019-07-13,2019-07-13,"15 20 3 45"
14,7,2019,15,15,3,60,"s",NA,NA,NA,NA,NA,2019-07-14,2019-07-14,"15 15 3 60"
14,7,2019,15,25,3,60,"s",NA,NA,NA,NA,NA,2019-07-14,2019-07-14,"15 25 3 60"
14,7,2019,15,20,1,60,"d",NA,NA,NA,NA,NA,2019-07-14,2019-07-14,"15 20 1 60"
14,7,2019,15,25,1,60,"d",NA,NA,NA,NA,NA,2019-07-14,2019-07-14,"15 25 1 60"
14,7,2019,15,15,3,0,"s",NA,NA,NA,NA,NA,2019-07-14,2019-07-14,"15 15 3 0"
14,7,2019,15,25,3,0,"s",NA,NA,NA,NA,NA,2019-07-14,2019-07-14,"15 25 3 0"
14,7,2019,15,15,3,6,"s",NA,NA,NA,NA,NA,2019-07-14,2019-07-14,"15 15 3 6"
14,7,2019,15,25,3,6,"s",NA,NA,NA,NA,NA,2019-07-14,2019-07-14,"15 25 3 6"
14,7,2019,15,15,3,9,"s",NA,NA,NA,NA,NA,2019-07-14,2019-07-14,"15 15 3 9"
14,7,2019,15,25,3,9,"s",NA,NA,NA,NA,NA,2019-07-14,2019-07-14,"15 25 3 9"
14,7,2019,15,15,3,13,"s",NA,NA,NA,NA,NA,2019-07-14,2019-07-14,"15 15 3 13"
14,7,2019,15,25,3,13,"s",NA,NA,NA,NA,NA,2019-07-14,2019-07-14,"15 25 3 13"
14,7,2019,15,15,3,20,"s",NA,NA,NA,NA,NA,2019-07-14,2019-07-14,"15 15 3 20"
14,7,2019,15,25,3,20,"s",NA,NA,NA,NA,NA,2019-07-14,2019-07-14,"15 25 3 20"
14,7,2019,15,15,3,30,"s",NA,NA,NA,NA,NA,2019-07-14,2019-07-14,"15 15 3 30"
14,7,2019,15,25,3,30,"s",NA,NA,NA,NA,NA,2019-07-14,2019-07-14,"15 25 3 30"
14,7,2019,15,15,3,45,"s",NA,NA,NA,NA,NA,2019-07-14,2019-07-14,"15 15 3 45"
14,7,2019,15,25,3,45,"s",NA,NA,NA,NA,NA,2019-07-14,2019-07-14,"15 25 3 45"
15,7,2019,15,20,4,60,"s",NA,NA,NA,NA,NA,2019-07-15,2019-07-15,"15 20 4 60"
15,7,2019,20,15,1,13,"d",NA,NA,NA,NA,NA,2019-07-15,2019-07-15,"20 15 1 13"
15,7,2019,15,20,4,0,"s",NA,NA,NA,NA,NA,2019-07-15,2019-07-15,"15 20 4 0"
15,7,2019,15,20,4,6,"s",NA,NA,NA,NA,NA,2019-07-15,2019-07-15,"15 20 4 6"
15,7,2019,15,20,4,9,"s",NA,NA,NA,NA,NA,2019-07-15,2019-07-15,"15 20 4 9"
15,7,2019,15,20,4,13,"s",NA,NA,NA,NA,NA,2019-07-15,2019-07-15,"15 20 4 13"
15,7,2019,15,20,4,20,"s",NA,NA,NA,NA,NA,2019-07-15,2019-07-15,"15 20 4 20"
15,7,2019,15,20,4,30,"s",NA,NA,NA,NA,NA,2019-07-15,2019-07-15,"15 20 4 30"
15,7,2019,15,20,4,45,"s",NA,NA,NA,NA,NA,2019-07-15,2019-07-15,"15 20 4 45"
16,7,2019,20,20,3,60,"s",NA,NA,NA,NA,NA,2019-07-16,2019-07-16,"20 20 3 60"
16,7,2019,20,15,3,60,"s",NA,NA,NA,NA,NA,2019-07-16,2019-07-16,"20 15 3 60"
16,7,2019,15,15,4,60,"s",NA,NA,NA,NA,NA,2019-07-16,2019-07-16,"15 15 4 60"
16,7,2019,20,25,2,6,"d",NA,NA,NA,NA,NA,2019-07-16,2019-07-16,"20 25 2 6"
16,7,2019,25,20,1,60,"s",NA,NA,NA,NA,NA,2019-07-16,2019-07-16,"25 20 1 60"
16,7,2019,20,20,3,0,"s",NA,NA,NA,NA,NA,2019-07-16,2019-07-16,"20 20 3 0"
16,7,2019,20,15,3,0,"s",NA,NA,NA,NA,NA,2019-07-16,2019-07-16,"20 15 3 0"
16,7,2019,15,15,4,0,"s",NA,NA,NA,NA,NA,2019-07-16,2019-07-16,"15 15 4 0"
16,7,2019,25,20,1,0,"s",NA,NA,NA,NA,NA,2019-07-16,2019-07-16,"25 20 1 0"
16,7,2019,20,20,3,6,"s",NA,NA,NA,NA,NA,2019-07-16,2019-07-16,"20 20 3 6"
16,7,2019,20,15,3,6,"s",NA,NA,NA,NA,NA,2019-07-16,2019-07-16,"20 15 3 6"
16,7,2019,15,15,4,6,"s",NA,NA,NA,NA,NA,2019-07-16,2019-07-16,"15 15 4 6"
16,7,2019,25,20,1,6,"s",NA,NA,NA,NA,NA,2019-07-16,2019-07-16,"25 20 1 6"
16,7,2019,20,20,3,9,"s",NA,NA,NA,NA,NA,2019-07-16,2019-07-16,"20 20 3 9"
16,7,2019,20,15,3,9,"s",NA,NA,NA,NA,NA,2019-07-16,2019-07-16,"20 15 3 9"
16,7,2019,15,15,4,9,"s",NA,NA,NA,NA,NA,2019-07-16,2019-07-16,"15 15 4 9"
16,7,2019,25,20,1,9,"s",NA,NA,NA,NA,NA,2019-07-16,2019-07-16,"25 20 1 9"
16,7,2019,20,20,3,13,"s",NA,NA,NA,NA,NA,2019-07-16,2019-07-16,"20 20 3 13"
16,7,2019,20,15,3,13,"s",NA,NA,NA,NA,NA,2019-07-16,2019-07-16,"20 15 3 13"
16,7,2019,15,15,4,13,"s",NA,NA,NA,NA,NA,2019-07-16,2019-07-16,"15 15 4 13"
16,7,2019,25,20,1,13,"s",NA,NA,NA,NA,NA,2019-07-16,2019-07-16,"25 20 1 13"
16,7,2019,20,20,3,20,"s",NA,NA,NA,NA,NA,2019-07-16,2019-07-16,"20 20 3 20"
16,7,2019,20,15,3,20,"s",NA,NA,NA,NA,NA,2019-07-16,2019-07-16,"20 15 3 20"
16,7,2019,15,15,4,20,"s",NA,NA,NA,NA,NA,2019-07-16,2019-07-16,"15 15 4 20"
16,7,2019,25,20,1,20,"s",NA,NA,NA,NA,NA,2019-07-16,2019-07-16,"25 20 1 20"
16,7,2019,20,20,3,30,"s",NA,NA,NA,NA,NA,2019-07-16,2019-07-16,"20 20 3 30"
16,7,2019,20,15,3,30,"s",NA,NA,NA,NA,NA,2019-07-16,2019-07-16,"20 15 3 30"
16,7,2019,15,15,4,30,"s",NA,NA,NA,NA,NA,2019-07-16,2019-07-16,"15 15 4 30"
16,7,2019,25,20,1,30,"s",NA,NA,NA,NA,NA,2019-07-16,2019-07-16,"25 20 1 30"
16,7,2019,20,20,3,45,"s",NA,NA,NA,NA,NA,2019-07-16,2019-07-16,"20 20 3 45"
16,7,2019,20,15,3,45,"s",NA,NA,NA,NA,NA,2019-07-16,2019-07-16,"20 15 3 45"
16,7,2019,15,15,4,45,"s",NA,NA,NA,NA,NA,2019-07-16,2019-07-16,"15 15 4 45"
16,7,2019,25,20,1,45,"s",NA,NA,NA,NA,NA,2019-07-16,2019-07-16,"25 20 1 45"
17,7,2019,15,25,4,60,"s",NA,NA,NA,NA,NA,2019-07-17,2019-07-17,"15 25 4 60"
17,7,2019,25,25,1,60,"s",NA,NA,NA,NA,NA,2019-07-17,2019-07-17,"25 25 1 60"
17,7,2019,20,20,3,60,"d",NA,NA,NA,NA,NA,2019-07-17,2019-07-17,"20 20 3 60"
17,7,2019,15,20,4,60,"d",NA,NA,NA,NA,NA,2019-07-17,2019-07-17,"15 20 4 60"
17,7,2019,15,25,1,20,"d",NA,NA,NA,NA,NA,2019-07-17,2019-07-17,"15 25 1 20"
17,7,2019,15,25,2,60,"d",NA,NA,NA,NA,NA,2019-07-17,2019-07-17,"15 25 2 60"
17,7,2019,20,25,3,60,"s",NA,NA,NA,NA,NA,2019-07-17,2019-07-17,"20 25 3 60"
17,7,2019,15,25,4,0,"s",NA,NA,NA,NA,NA,2019-07-17,2019-07-17,"15 25 4 0"
17,7,2019,25,25,1,0,"s",NA,NA,NA,NA,NA,2019-07-17,2019-07-17,"25 25 1 0"
17,7,2019,20,25,3,0,"s",NA,NA,NA,NA,NA,2019-07-17,2019-07-17,"20 25 3 0"
17,7,2019,15,25,4,6,"s",NA,NA,NA,NA,NA,2019-07-17,2019-07-17,"15 25 4 6"
17,7,2019,25,25,1,6,"s",NA,NA,NA,NA,NA,2019-07-17,2019-07-17,"25 25 1 6"
17,7,2019,20,25,3,6,"s",NA,NA,NA,NA,NA,2019-07-17,2019-07-17,"20 25 3 6"
17,7,2019,15,25,4,9,"s",NA,NA,NA,NA,NA,2019-07-17,2019-07-17,"15 25 4 9"
17,7,2019,25,25,1,9,"s",NA,NA,NA,NA,NA,2019-07-17,2019-07-17,"25 25 1 9"
17,7,2019,20,25,3,9,"s",NA,NA,NA,NA,NA,2019-07-17,2019-07-17,"20 25 3 9"
17,7,2019,15,25,4,13,"s",NA,NA,NA,NA,NA,2019-07-17,2019-07-17,"15 25 4 13"
17,7,2019,25,25,1,13,"s",NA,NA,NA,NA,NA,2019-07-17,2019-07-17,"25 25 1 13"
17,7,2019,20,25,3,13,"s",NA,NA,NA,NA,NA,2019-07-17,2019-07-17,"20 25 3 13"
17,7,2019,15,25,4,20,"s",NA,NA,NA,NA,NA,2019-07-17,2019-07-17,"15 25 4 20"
17,7,2019,25,25,1,20,"s",NA,NA,NA,NA,NA,2019-07-17,2019-07-17,"25 25 1 20"
17,7,2019,20,25,3,20,"s",NA,NA,NA,NA,NA,2019-07-17,2019-07-17,"20 25 3 20"
17,7,2019,15,25,4,30,"s",NA,NA,NA,NA,NA,2019-07-17,2019-07-17,"15 25 4 30"
17,7,2019,25,25,1,30,"s",NA,NA,NA,NA,NA,2019-07-17,2019-07-17,"25 25 1 30"
17,7,2019,20,25,3,30,"s",NA,NA,NA,NA,NA,2019-07-17,2019-07-17,"20 25 3 30"
17,7,2019,15,25,4,45,"s",NA,NA,NA,NA,NA,2019-07-17,2019-07-17,"15 25 4 45"
17,7,2019,25,25,1,45,"s",NA,NA,NA,NA,NA,2019-07-17,2019-07-17,"25 25 1 45"
17,7,2019,20,25,3,45,"s",NA,NA,NA,NA,NA,2019-07-17,2019-07-17,"20 25 3 45"
18,7,2019,20,20,4,60,"s",NA,NA,NA,NA,NA,2019-07-18,2019-07-18,"20 20 4 60"
18,7,2019,15,25,3,60,"d",NA,NA,NA,NA,NA,2019-07-18,2019-07-18,"15 25 3 60"
18,7,2019,15,25,4,60,"d",NA,NA,NA,NA,NA,2019-07-18,2019-07-18,"15 25 4 60"
18,7,2019,20,20,4,0,"s",NA,NA,NA,NA,NA,2019-07-18,2019-07-18,"20 20 4 0"
18,7,2019,20,20,4,6,"s",NA,NA,NA,NA,NA,2019-07-18,2019-07-18,"20 20 4 6"
18,7,2019,20,20,4,9,"s",NA,NA,NA,NA,NA,2019-07-18,2019-07-18,"20 20 4 9"
18,7,2019,20,20,4,13,"s",NA,NA,NA,NA,NA,2019-07-18,2019-07-18,"20 20 4 13"
18,7,2019,20,20,4,20,"s",NA,NA,NA,NA,NA,2019-07-18,2019-07-18,"20 20 4 20"
18,7,2019,20,20,4,30,"s",NA,NA,NA,NA,NA,2019-07-18,2019-07-18,"20 20 4 30"
18,7,2019,20,20,4,45,"s",NA,NA,NA,NA,NA,2019-07-18,2019-07-18,"20 20 4 45"
19,7,2019,15,20,1,9,"n",2,NA,NA,10,1,2019-07-19,2019-07-19,"15 20 1 9"
19,7,2019,20,15,1,60,"d",NA,NA,NA,NA,NA,2019-07-19,2019-07-19,"20 15 1 60"
19,7,2019,15,25,3,60,"d",NA,NA,NA,NA,NA,2019-07-19,2019-07-19,"15 25 3 60"
19,7,2019,15,20,1,60,"d",NA,NA,NA,NA,NA,2019-07-19,2019-07-19,"15 20 1 60"
20,7,2019,15,20,4,60,"d",NA,NA,NA,NA,NA,2019-07-20,2019-07-20,"15 20 4 60"
20,7,2019,20,25,2,9,"d",NA,NA,NA,NA,NA,2019-07-20,2019-07-20,"20 25 2 9"
20,7,2019,15,25,4,60,"d",NA,NA,NA,NA,NA,2019-07-20,2019-07-20,"15 25 4 60"
21,7,2019,20,25,1,0,"n",3,NA,NA,12,1,2019-07-21,2019-07-21,"20 25 1 0"
21,7,2019,15,25,2,0,"n",9,NA,NA,8,1,2019-07-21,2019-07-21,"15 25 2 0"
21,7,2019,15,25,2,6,"n",8,NA,NA,8,1,2019-07-21,2019-07-21,"15 25 2 6"
21,7,2019,15,25,3,0,"n",6,NA,NA,7,1,2019-07-21,2019-07-21,"15 25 3 0"
21,7,2019,20,20,1,0,"n",4,NA,NA,12,1,2019-07-21,2019-07-21,"20 20 1 0"
21,7,2019,20,20,1,6,"n",4,NA,NA,12,1,2019-07-21,2019-07-21,"20 20 1 6"
21,7,2019,20,20,1,9,"n",6,NA,NA,12,1,2019-07-21,2019-07-21,"20 20 1 9"
21,7,2019,20,20,1,13,"n",4,NA,NA,12,1,2019-07-21,2019-07-21,"20 20 1 13"
21,7,2019,15,20,1,0,"n",5,NA,NA,12,1,2019-07-21,2019-07-21,"15 20 1 0"
22,7,2019,20,20,1,20,"n",1,NA,NA,13,1,2019-07-22,2019-07-22,"20 20 1 20"
22,7,2019,20,20,2,20,"n",4,NA,NA,12,1,2019-07-22,2019-07-22,"20 20 2 20"
22,7,2019,15,20,1,6,"n",5,NA,NA,13,1,2019-07-22,2019-07-22,"15 20 1 6"
22,7,2019,15,20,2,0,"n",1,NA,NA,9,1,2019-07-22,2019-07-22,"15 20 2 0"
22,7,2019,15,20,3,0,"n",9,NA,NA,9,1,2019-07-22,2019-07-22,"15 20 3 0"
22,7,2019,20,25,2,0,"n",1,NA,NA,11,1,2019-07-22,2019-07-22,"20 25 2 0"
22,7,2019,25,15,1,60,"s",NA,NA,NA,NA,NA,2019-07-22,2019-07-22,"25 15 1 60"
22,7,2019,20,15,2,13,"d",NA,NA,NA,NA,NA,2019-07-22,2019-07-22,"20 15 2 13"
22,7,2019,25,15,1,0,"s",NA,NA,NA,NA,NA,2019-07-22,2019-07-22,"25 15 1 0"
22,7,2019,25,15,1,6,"s",NA,NA,NA,NA,NA,2019-07-22,2019-07-22,"25 15 1 6"
22,7,2019,25,15,1,9,"s",NA,NA,NA,NA,NA,2019-07-22,2019-07-22,"25 15 1 9"
22,7,2019,25,15,1,13,"s",NA,NA,NA,NA,NA,2019-07-22,2019-07-22,"25 15 1 13"
22,7,2019,25,15,1,20,"s",NA,NA,NA,NA,NA,2019-07-22,2019-07-22,"25 15 1 20"
22,7,2019,25,15,1,30,"s",NA,NA,NA,NA,NA,2019-07-22,2019-07-22,"25 15 1 30"
22,7,2019,25,15,1,45,"s",NA,NA,NA,NA,NA,2019-07-22,2019-07-22,"25 15 1 45"
23,7,2019,20,20,1,9,"d",NA,NA,NA,NA,NA,2019-07-23,2019-07-23,"20 20 1 9"
23,7,2019,15,25,3,9,"n",6,NA,NA,9,1,2019-07-23,2019-07-23,"15 25 3 9"
23,7,2019,15,20,3,20,"n",7,NA,NA,10,1,2019-07-23,2019-07-23,"15 20 3 20"
23,7,2019,15,20,3,13,"n",8,NA,NA,10,1,2019-07-23,2019-07-23,"15 20 3 13"
23,7,2019,15,20,3,9,"n",6,NA,NA,10,1,2019-07-23,2019-07-23,"15 20 3 9"
23,7,2019,15,20,3,6,"n",6,NA,NA,10,1,2019-07-23,2019-07-23,"15 20 3 6"
23,7,2019,15,15,4,6,"d",NA,NA,NA,NA,NA,2019-07-23,2019-07-23,"15 15 4 6"
23,7,2019,25,20,2,60,"s",NA,NA,NA,NA,NA,2019-07-23,2019-07-23,"25 20 2 60"
23,7,2019,25,25,2,60,"s",NA,NA,NA,NA,NA,2019-07-23,2019-07-23,"25 25 2 60"
23,7,2019,25,20,2,0,"s",NA,NA,NA,NA,NA,2019-07-23,2019-07-23,"25 20 2 0"
23,7,2019,25,25,2,0,"s",NA,NA,NA,NA,NA,2019-07-23,2019-07-23,"25 25 2 0"
23,7,2019,25,20,2,6,"s",NA,NA,NA,NA,NA,2019-07-23,2019-07-23,"25 20 2 6"
23,7,2019,25,25,2,6,"s",NA,NA,NA,NA,NA,2019-07-23,2019-07-23,"25 25 2 6"
23,7,2019,25,20,2,9,"s",NA,NA,NA,NA,NA,2019-07-23,2019-07-23,"25 20 2 9"
23,7,2019,25,25,2,9,"s",NA,NA,NA,NA,NA,2019-07-23,2019-07-23,"25 25 2 9"
23,7,2019,25,20,2,13,"s",NA,NA,NA,NA,NA,2019-07-23,2019-07-23,"25 20 2 13"
23,7,2019,25,25,2,13,"s",NA,NA,NA,NA,NA,2019-07-23,2019-07-23,"25 25 2 13"
23,7,2019,25,20,2,20,"s",NA,NA,NA,NA,NA,2019-07-23,2019-07-23,"25 20 2 20"
23,7,2019,25,25,2,20,"s",NA,NA,NA,NA,NA,2019-07-23,2019-07-23,"25 25 2 20"
23,7,2019,25,20,2,30,"s",NA,NA,NA,NA,NA,2019-07-23,2019-07-23,"25 20 2 30"
23,7,2019,25,25,2,30,"s",NA,NA,NA,NA,NA,2019-07-23,2019-07-23,"25 25 2 30"
23,7,2019,25,20,2,45,"s",NA,NA,NA,NA,NA,2019-07-23,2019-07-23,"25 20 2 45"
23,7,2019,25,25,2,45,"s",NA,NA,NA,NA,NA,2019-07-23,2019-07-23,"25 25 2 45"
24,7,2019,15,15,3,6,"d",NA,NA,NA,NA,NA,2019-07-24,2019-07-24,"15 15 3 6"
24,7,2019,20,15,4,60,"s",NA,NA,NA,NA,NA,2019-07-24,2019-07-24,"20 15 4 60"
24,7,2019,25,15,2,60,"s",NA,NA,NA,NA,NA,2019-07-24,2019-07-24,"25 15 2 60"
24,7,2019,25,20,3,60,"s",NA,NA,NA,NA,NA,2019-07-24,2019-07-24,"25 20 3 60"
24,7,2019,15,25,3,0,"n",7,NA,NA,3,2,2019-07-24,2019-07-24,"15 25 3 0"
24,7,2019,15,25,2,6,"n",2,NA,NA,3,2,2019-07-24,2019-07-24,"15 25 2 6"
24,7,2019,20,25,2,0,"n",1,NA,NA,2,2,2019-07-24,2019-07-24,"20 25 2 0"
24,7,2019,20,25,1,0,"n",2,NA,NA,3,2,2019-07-24,2019-07-24,"20 25 1 0"
24,7,2019,15,25,2,0,"dd",NA,NA,NA,NA,NA,2019-07-24,2019-07-24,"15 25 2 0"
24,7,2019,15,20,1,6,"dd",NA,NA,NA,NA,NA,2019-07-24,2019-07-24,"15 20 1 6"
24,7,2019,20,20,2,9,"n",4,NA,NA,14,1,2019-07-24,2019-07-24,"20 20 2 9"
24,7,2019,20,20,2,30,"n",5,NA,NA,14,1,2019-07-24,2019-07-24,"20 20 2 30"
24,7,2019,15,20,2,9,"n",7,NA,NA,11,1,2019-07-24,2019-07-24,"15 20 2 9"
24,7,2019,15,20,3,30,"n",7,NA,NA,11,1,2019-07-24,2019-07-24,"15 20 3 30"
24,7,2019,20,15,4,0,"s",NA,NA,NA,NA,NA,2019-07-24,2019-07-24,"20 15 4 0"
24,7,2019,25,15,2,0,"s",NA,NA,NA,NA,NA,2019-07-24,2019-07-24,"25 15 2 0"
24,7,2019,25,20,3,0,"s",NA,NA,NA,NA,NA,2019-07-24,2019-07-24,"25 20 3 0"
24,7,2019,20,15,4,6,"s",NA,NA,NA,NA,NA,2019-07-24,2019-07-24,"20 15 4 6"
24,7,2019,25,15,2,6,"s",NA,NA,NA,NA,NA,2019-07-24,2019-07-24,"25 15 2 6"
24,7,2019,25,20,3,6,"s",NA,NA,NA,NA,NA,2019-07-24,2019-07-24,"25 20 3 6"
24,7,2019,20,15,4,9,"s",NA,NA,NA,NA,NA,2019-07-24,2019-07-24,"20 15 4 9"
24,7,2019,25,15,2,9,"s",NA,NA,NA,NA,NA,2019-07-24,2019-07-24,"25 15 2 9"
24,7,2019,25,20,3,9,"s",NA,NA,NA,NA,NA,2019-07-24,2019-07-24,"25 20 3 9"
24,7,2019,20,15,4,13,"s",NA,NA,NA,NA,NA,2019-07-24,2019-07-24,"20 15 4 13"
24,7,2019,25,15,2,13,"s",NA,NA,NA,NA,NA,2019-07-24,2019-07-24,"25 15 2 13"
24,7,2019,25,20,3,13,"s",NA,NA,NA,NA,NA,2019-07-24,2019-07-24,"25 20 3 13"
24,7,2019,20,15,4,20,"s",NA,NA,NA,NA,NA,2019-07-24,2019-07-24,"20 15 4 20"
24,7,2019,25,15,2,20,"s",NA,NA,NA,NA,NA,2019-07-24,2019-07-24,"25 15 2 20"
24,7,2019,25,20,3,20,"s",NA,NA,NA,NA,NA,2019-07-24,2019-07-24,"25 20 3 20"
24,7,2019,20,15,4,30,"s",NA,NA,NA,NA,NA,2019-07-24,2019-07-24,"20 15 4 30"
24,7,2019,25,15,2,30,"s",NA,NA,NA,NA,NA,2019-07-24,2019-07-24,"25 15 2 30"
24,7,2019,25,20,3,30,"s",NA,NA,NA,NA,NA,2019-07-24,2019-07-24,"25 20 3 30"
24,7,2019,20,15,4,45,"s",NA,NA,NA,NA,NA,2019-07-24,2019-07-24,"20 15 4 45"
24,7,2019,25,15,2,45,"s",NA,NA,NA,NA,NA,2019-07-24,2019-07-24,"25 15 2 45"
24,7,2019,25,20,3,45,"s",NA,NA,NA,NA,NA,2019-07-24,2019-07-24,"25 20 3 45"
25,7,2019,20,25,4,60,"s",NA,NA,NA,NA,NA,2019-07-25,2019-07-25,"20 25 4 60"
25,7,2019,15,25,5,60,"s",NA,NA,NA,NA,NA,2019-07-25,2019-07-25,"15 25 5 60"
25,7,2019,25,15,3,60,"s",NA,NA,NA,NA,NA,2019-07-25,2019-07-25,"25 15 3 60"
25,7,2019,25,25,3,60,"s",NA,NA,NA,NA,NA,2019-07-25,2019-07-25,"25 25 3 60"
25,7,2019,20,20,3,30,"d",NA,NA,NA,NA,NA,2019-07-25,2019-07-25,"20 20 3 30"
25,7,2019,15,20,4,45,"d",NA,NA,NA,NA,NA,2019-07-25,2019-07-25,"15 20 4 45"
25,7,2019,20,20,2,6,"n",8,NA,NA,15,1,2019-07-25,2019-07-25,"20 20 2 6"
25,7,2019,20,20,2,13,"n",5,NA,NA,15,1,2019-07-25,2019-07-25,"20 20 2 13"
25,7,2019,15,20,2,6,"n",5,NA,NA,12,1,2019-07-25,2019-07-25,"15 20 2 6"
25,7,2019,15,20,3,6,"n",7,NA,NA,2,2,2019-07-25,2019-07-25,"15 20 3 6"
25,7,2019,15,25,2,0,"d",NA,NA,NA,NA,NA,2019-07-25,2019-07-25,"15 25 2 0"
25,7,2019,20,25,1,20,"n",4,NA,NA,16,1,2019-07-25,2019-07-25,"20 25 1 20"
25,7,2019,15,25,1,9,"n",5,NA,NA,13,1,2019-07-25,2019-07-25,"15 25 1 9"
25,7,2019,15,15,3,6,"d",NA,NA,NA,NA,NA,2019-07-25,2019-07-25,"15 15 3 6"
25,7,2019,20,25,4,0,"s",NA,NA,NA,NA,NA,2019-07-25,2019-07-25,"20 25 4 0"
25,7,2019,15,25,5,0,"s",NA,NA,NA,NA,NA,2019-07-25,2019-07-25,"15 25 5 0"
25,7,2019,25,15,3,0,"s",NA,NA,NA,NA,NA,2019-07-25,2019-07-25,"25 15 3 0"
25,7,2019,25,25,3,0,"s",NA,NA,NA,NA,NA,2019-07-25,2019-07-25,"25 25 3 0"
25,7,2019,20,25,4,6,"s",NA,NA,NA,NA,NA,2019-07-25,2019-07-25,"20 25 4 6"
25,7,2019,15,25,5,6,"s",NA,NA,NA,NA,NA,2019-07-25,2019-07-25,"15 25 5 6"
25,7,2019,25,15,3,6,"s",NA,NA,NA,NA,NA,2019-07-25,2019-07-25,"25 15 3 6"
25,7,2019,25,25,3,6,"s",NA,NA,NA,NA,NA,2019-07-25,2019-07-25,"25 25 3 6"
25,7,2019,20,25,4,9,"s",NA,NA,NA,NA,NA,2019-07-25,2019-07-25,"20 25 4 9"
25,7,2019,15,25,5,9,"s",NA,NA,NA,NA,NA,2019-07-25,2019-07-25,"15 25 5 9"
25,7,2019,25,15,3,9,"s",NA,NA,NA,NA,NA,2019-07-25,2019-07-25,"25 15 3 9"
25,7,2019,25,25,3,9,"s",NA,NA,NA,NA,NA,2019-07-25,2019-07-25,"25 25 3 9"
25,7,2019,20,25,4,13,"s",NA,NA,NA,NA,NA,2019-07-25,2019-07-25,"20 25 4 13"
25,7,2019,15,25,5,13,"s",NA,NA,NA,NA,NA,2019-07-25,2019-07-25,"15 25 5 13"
25,7,2019,25,15,3,13,"s",NA,NA,NA,NA,NA,2019-07-25,2019-07-25,"25 15 3 13"
25,7,2019,25,25,3,13,"s",NA,NA,NA,NA,NA,2019-07-25,2019-07-25,"25 25 3 13"
25,7,2019,20,25,4,20,"s",NA,NA,NA,NA,NA,2019-07-25,2019-07-25,"20 25 4 20"
25,7,2019,15,25,5,20,"s",NA,NA,NA,NA,NA,2019-07-25,2019-07-25,"15 25 5 20"
25,7,2019,25,15,3,20,"s",NA,NA,NA,NA,NA,2019-07-25,2019-07-25,"25 15 3 20"
25,7,2019,25,25,3,20,"s",NA,NA,NA,NA,NA,2019-07-25,2019-07-25,"25 25 3 20"
25,7,2019,20,25,4,30,"s",NA,NA,NA,NA,NA,2019-07-25,2019-07-25,"20 25 4 30"
25,7,2019,15,25,5,30,"s",NA,NA,NA,NA,NA,2019-07-25,2019-07-25,"15 25 5 30"
25,7,2019,25,15,3,30,"s",NA,NA,NA,NA,NA,2019-07-25,2019-07-25,"25 15 3 30"
25,7,2019,25,25,3,30,"s",NA,NA,NA,NA,NA,2019-07-25,2019-07-25,"25 25 3 30"
25,7,2019,20,25,4,45,"s",NA,NA,NA,NA,NA,2019-07-25,2019-07-25,"20 25 4 45"
25,7,2019,15,25,5,45,"s",NA,NA,NA,NA,NA,2019-07-25,2019-07-25,"15 25 5 45"
25,7,2019,25,15,3,45,"s",NA,NA,NA,NA,NA,2019-07-25,2019-07-25,"25 15 3 45"
25,7,2019,25,25,3,45,"s",NA,NA,NA,NA,NA,2019-07-25,2019-07-25,"25 25 3 45"
26,7,2019,25,20,4,60,"s",NA,NA,NA,NA,NA,2019-07-26,2019-07-26,"25 20 4 60"
26,7,2019,20,25,2,0,"n",1,NA,NA,2,3,2019-07-26,2019-07-26,"20 25 2 0"
26,7,2019,20,25,2,30,"n",6,NA,NA,15,1,2019-07-26,2019-07-26,"20 25 2 30"
26,7,2019,15,25,1,0,"n",5,NA,NA,14,1,2019-07-26,2019-07-26,"15 25 1 0"
26,7,2019,15,25,1,13,"n",1,NA,NA,14,1,2019-07-26,2019-07-26,"15 25 1 13"
26,7,2019,15,25,1,30,"n",2,NA,NA,14,1,2019-07-26,2019-07-26,"15 25 1 30"
26,7,2019,20,20,1,0,"n",4,NA,NA,5,2,2019-07-26,2019-07-26,"20 20 1 0"
26,7,2019,20,20,1,6,"n",4,NA,NA,5,2,2019-07-26,2019-07-26,"20 20 1 6"
26,7,2019,20,20,2,9,"n",6,NA,NA,2,2,2019-07-26,2019-07-26,"20 20 2 9"
26,7,2019,15,20,1,9,"n",6,NA,NA,7,2,2019-07-26,2019-07-26,"15 20 1 9"
26,7,2019,15,20,1,13,"n",1,NA,NA,17,1,2019-07-26,2019-07-26,"15 20 1 13"
26,7,2019,15,20,2,6,"n",3,NA,NA,1,1,2019-07-26,2019-07-26,"15 20 2 6"
26,7,2019,15,20,3,0,"n",4,NA,NA,4,2,2019-07-26,2019-07-26,"15 20 3 0"
26,7,2019,15,20,3,9,"n",9,NA,NA,3,2,2019-07-26,2019-07-26,"15 20 3 9"
26,7,2019,25,20,4,0,"s",NA,NA,NA,NA,NA,2019-07-26,2019-07-26,"25 20 4 0"
26,7,2019,25,20,4,6,"s",NA,NA,NA,NA,NA,2019-07-26,2019-07-26,"25 20 4 6"
26,7,2019,25,20,4,9,"s",NA,NA,NA,NA,NA,2019-07-26,2019-07-26,"25 20 4 9"
26,7,2019,25,20,4,13,"s",NA,NA,NA,NA,NA,2019-07-26,2019-07-26,"25 20 4 13"
26,7,2019,25,20,4,20,"s",NA,NA,NA,NA,NA,2019-07-26,2019-07-26,"25 20 4 20"
26,7,2019,25,20,4,30,"s",NA,NA,NA,NA,NA,2019-07-26,2019-07-26,"25 20 4 30"
26,7,2019,25,20,4,45,"s",NA,NA,NA,NA,NA,2019-07-26,2019-07-26,"25 20 4 45"
27,7,2019,15,20,1,6,"n",1,NA,NA,5,2,2019-07-27,2019-07-27,"15 20 1 6"
27,7,2019,15,20,1,13,"n",1,NA,NA,1,1,2019-07-27,2019-07-27,"15 20 1 13"
27,7,2019,15,20,3,20,"n",4,NA,NA,4,2,2019-07-27,2019-07-27,"15 20 3 20"
27,7,2019,15,25,1,9,"n",3,NA,NA,2,2,2019-07-27,2019-07-27,"15 25 1 9"
27,7,2019,15,25,1,6,"n",3,NA,NA,15,1,2019-07-27,2019-07-27,"15 25 1 6"
27,7,2019,15,25,2,6,"n",4,NA,NA,3,3,2019-07-27,2019-07-27,"15 25 2 6"
27,7,2019,15,25,2,9,"n",4,NA,NA,14,1,2019-07-27,2019-07-27,"15 25 2 9"
27,7,2019,20,20,3,30,"d",NA,NA,NA,NA,NA,2019-07-27,2019-07-27,"20 20 3 30"
27,7,2019,20,20,3,45,"d",NA,NA,NA,NA,NA,2019-07-27,2019-07-27,"20 20 3 45"
28,7,2019,15,25,3,45,"d",NA,NA,NA,NA,NA,2019-07-28,2019-07-28,"15 25 3 45"
28,7,2019,25,25,2,45,"d",NA,NA,NA,NA,NA,2019-07-28,2019-07-28,"25 25 2 45"
28,7,2019,20,25,1,0,"n",4,NA,NA,4,3,2019-07-28,2019-07-28,"20 25 1 0"
28,7,2019,15,25,1,0,"n",3,NA,NA,2,2,2019-07-28,2019-07-28,"15 25 1 0"
28,7,2019,15,25,4,13,"n",3,NA,NA,11,1,2019-07-28,2019-07-28,"15 25 4 13"
28,7,2019,15,15,2,45,"d",NA,NA,NA,NA,NA,2019-07-28,2019-07-28,"15 15 2 45"
28,7,2019,15,20,1,6,"d",NA,NA,NA,NA,NA,2019-07-28,2019-07-28,"15 20 1 6"
28,7,2019,15,20,2,45,"d",NA,NA,NA,NA,NA,2019-07-28,2019-07-28,"15 20 2 45"
28,7,2019,25,20,2,60,"d",NA,NA,NA,NA,NA,2019-07-28,2019-07-28,"25 20 2 60"
28,7,2019,20,20,1,0,"n",2,NA,NA,2,3,2019-07-28,2019-07-28,"20 20 1 0"
28,7,2019,20,20,1,6,"n",7,NA,NA,2,3,2019-07-28,2019-07-28,"20 20 1 6"
28,7,2019,15,20,1,0,"n",2,NA,NA,7,2,2019-07-28,2019-07-28,"15 20 1 0"
28,7,2019,15,20,2,6,"n",9,NA,NA,2,3,2019-07-28,2019-07-28,"15 20 2 6"
29,7,2019,20,20,1,30,"n",3,NA,NA,20,1,2019-07-29,2019-07-29,"20 20 1 30"
29,7,2019,15,20,3,0,"n",6,NA,NA,3,3,2019-07-29,2019-07-29,"15 20 3 0"
29,7,2019,15,20,4,9,"n",4,NA,NA,14,1,2019-07-29,2019-07-29,"15 20 4 9"
29,7,2019,25,25,1,0,"n",1,NA,NA,12,1,2019-07-29,2019-07-29,"25 25 1 0"
29,7,2019,25,25,1,9,"n",2,NA,NA,12,1,2019-07-29,2019-07-29,"25 25 1 9"
29,7,2019,20,25,1,6,"n",4,NA,NA,20,1,2019-07-29,2019-07-29,"20 25 1 6"
29,7,2019,15,25,1,6,"n",2,NA,NA,2,2,2019-07-29,2019-07-29,"15 25 1 6"
29,7,2019,25,25,4,60,"s",NA,NA,NA,NA,NA,2019-07-29,2019-07-29,"25 25 4 60"
29,7,2019,25,15,4,60,"s",NA,NA,NA,NA,NA,2019-07-29,2019-07-29,"25 15 4 60"
29,7,2019,25,25,4,0,"s",NA,NA,NA,NA,NA,2019-07-29,2019-07-29,"25 25 4 0"
29,7,2019,25,15,4,0,"s",NA,NA,NA,NA,NA,2019-07-29,2019-07-29,"25 15 4 0"
29,7,2019,25,25,4,6,"s",NA,NA,NA,NA,NA,2019-07-29,2019-07-29,"25 25 4 6"
29,7,2019,25,15,4,6,"s",NA,NA,NA,NA,NA,2019-07-29,2019-07-29,"25 15 4 6"
29,7,2019,25,25,4,9,"s",NA,NA,NA,NA,NA,2019-07-29,2019-07-29,"25 25 4 9"
29,7,2019,25,15,4,9,"s",NA,NA,NA,NA,NA,2019-07-29,2019-07-29,"25 15 4 9"
29,7,2019,25,25,4,13,"s",NA,NA,NA,NA,NA,2019-07-29,2019-07-29,"25 25 4 13"
29,7,2019,25,15,4,13,"s",NA,NA,NA,NA,NA,2019-07-29,2019-07-29,"25 15 4 13"
29,7,2019,25,25,4,20,"s",NA,NA,NA,NA,NA,2019-07-29,2019-07-29,"25 25 4 20"
29,7,2019,25,15,4,20,"s",NA,NA,NA,NA,NA,2019-07-29,2019-07-29,"25 15 4 20"
29,7,2019,25,25,4,30,"s",NA,NA,NA,NA,NA,2019-07-29,2019-07-29,"25 25 4 30"
29,7,2019,25,15,4,30,"s",NA,NA,NA,NA,NA,2019-07-29,2019-07-29,"25 15 4 30"
29,7,2019,25,25,4,45,"s",NA,NA,NA,NA,NA,2019-07-29,2019-07-29,"25 25 4 45"
29,7,2019,25,15,4,45,"s",NA,NA,NA,NA,NA,2019-07-29,2019-07-29,"25 15 4 45"
30,7,2019,15,20,1,9,"n",1,NA,NA,4,3,2019-07-30,2019-07-30,"15 20 1 9"
30,7,2019,15,20,2,6,"n",1,NA,NA,2,4,2019-07-30,2019-07-30,"15 20 2 6"
30,7,2019,15,20,2,0,"n",4,NA,NA,8,2,2019-07-30,2019-07-30,"15 20 2 0"
30,7,2019,15,20,4,0,"n",3,NA,NA,15,1,2019-07-30,2019-07-30,"15 20 4 0"
30,7,2019,25,25,1,60,"n",1,NA,NA,13,1,2019-07-30,2019-07-30,"25 25 1 60"
30,7,2019,20,25,2,0,"n",1,NA,NA,4,4,2019-07-30,2019-07-30,"20 25 2 0"
30,7,2019,15,25,1,9,"n",2,NA,NA,3,3,2019-07-30,2019-07-30,"15 25 1 9"
30,7,2019,15,25,4,6,"n",3,NA,NA,13,1,2019-07-30,2019-07-30,"15 25 4 6"
31,7,2019,15,25,1,0,"n",1,NA,NA,3,3,2019-07-31,2019-07-31,"15 25 1 0"
31,7,2019,15,25,1,30,"n",2,NA,NA,5,2,2019-07-31,2019-07-31,"15 25 1 30"
31,7,2019,20,15,3,60,"d",NA,NA,NA,NA,NA,2019-07-31,2019-07-31,"20 15 3 60"
31,7,2019,20,25,1,45,"d",NA,NA,NA,NA,NA,2019-07-31,2019-07-31,"20 25 1 45"
31,7,2019,20,25,1,0,"d",NA,NA,NA,NA,NA,2019-07-31,2019-07-31,"20 25 1 0"
31,7,2019,20,25,4,60,"d",NA,NA,NA,NA,NA,2019-07-31,2019-07-31,"20 25 4 60"
31,7,2019,15,15,2,60,"d",NA,NA,NA,NA,NA,2019-07-31,2019-07-31,"15 15 2 60"
31,7,2019,15,25,4,45,"d",NA,NA,NA,NA,NA,2019-07-31,2019-07-31,"15 25 4 45"
31,7,2019,25,15,2,6,"d",NA,NA,NA,NA,NA,2019-07-31,2019-07-31,"25 15 2 6"
31,7,2019,20,20,2,6,"n",2,NA,NA,6,2,2019-07-31,2019-07-31,"20 20 2 6"
1,8,2019,20,20,3,0,"n",8,NA,NA,16,1,2019-08-01,2019-08-01,"20 20 3 0"
1,8,2019,20,20,3,9,"n",4,NA,NA,16,1,2019-08-01,2019-08-01,"20 20 3 9"
1,8,2019,15,20,2,30,"n",1,NA,NA,19,1,2019-08-01,2019-08-01,"15 20 2 30"
1,8,2019,15,20,4,6,"n",6,NA,NA,17,1,2019-08-01,2019-08-01,"15 20 4 6"
1,8,2019,15,20,4,9,"n",5,NA,NA,3,2,2019-08-01,2019-08-01,"15 20 4 9"
1,8,2019,25,20,1,0,"n",4,NA,NA,16,1,2019-08-01,2019-08-01,"25 20 1 0"
1,8,2019,15,20,4,9,"d",NA,NA,NA,NA,NA,2019-08-01,2019-08-01,"15 20 4 9"
1,8,2019,15,25,4,20,"d",NA,NA,NA,NA,NA,2019-08-01,2019-08-01,"15 25 4 20"
1,8,2019,20,25,2,45,"d",NA,NA,NA,NA,NA,2019-08-01,2019-08-01,"20 25 2 45"
1,8,2019,20,25,3,60,"d",NA,NA,NA,NA,NA,2019-08-01,2019-08-01,"20 25 3 60"
1,8,2019,20,25,2,0,"n",2,NA,NA,2,5,2019-08-01,2019-08-01,"20 25 2 0"
1,8,2019,15,25,3,6,"n",2,NA,NA,18,1,2019-08-01,2019-08-01,"15 25 3 6"
1,8,2019,15,25,4,6,"n",3,NA,NA,2,2,2019-08-01,2019-08-01,"15 25 4 6"
1,8,2019,25,25,1,6,"n",2,NA,NA,15,1,2019-08-01,2019-08-01,"25 25 1 6"
2,8,2019,15,25,1,30,"n",1,NA,NA,2,3,2019-08-02,2019-08-02,"15 25 1 30"
2,8,2019,15,25,2,6,"n",4,NA,NA,6,4,2019-08-02,2019-08-02,"15 25 2 6"
2,8,2019,15,20,1,45,"d",NA,NA,NA,NA,NA,2019-08-02,2019-08-02,"15 20 1 45"
2,8,2019,15,20,2,60,"d",NA,NA,NA,NA,NA,2019-08-02,2019-08-02,"15 20 2 60"
2,8,2019,15,20,2,0,"n",1,NA,NA,3,3,2019-08-02,2019-08-02,"15 20 2 0"
2,8,2019,15,20,3,0,"n",1,NA,NA,4,4,2019-08-02,2019-08-02,"15 20 3 0"
2,8,2019,15,20,3,20,"n",1,NA,NA,6,3,2019-08-02,2019-08-02,"15 20 3 20"
2,8,2019,15,20,4,0,"n",4,NA,NA,3,2,2019-08-02,2019-08-02,"15 20 4 0"
2,8,2019,15,20,4,13,"n",1,NA,NA,18,1,2019-08-02,2019-08-02,"15 20 4 13"
2,8,2019,25,20,1,0,"n",1,NA,NA,1,1,2019-08-02,2019-08-02,"25 20 1 0"
2,8,2019,25,20,2,0,"n",3,NA,NA,10,1,2019-08-02,2019-08-02,"25 20 2 0"
2,8,2019,25,20,3,0,"n",4,NA,NA,9,1,2019-08-02,2019-08-02,"25 20 3 0"
3,8,2019,15,20,4,6,"n",4,NA,NA,2,2,2019-08-03,2019-08-03,"15 20 4 6"
3,8,2019,15,25,1,9,"n",1,NA,NA,4,4,2019-08-03,2019-08-03,"15 25 1 9"
3,8,2019,15,25,4,6,"n",3,NA,NA,2,3,2019-08-03,2019-08-03,"15 25 4 6"
3,8,2019,15,25,1,45,"d",NA,NA,NA,NA,NA,2019-08-03,2019-08-03,"15 25 1 45"
3,8,2019,20,15,1,6,"d",NA,NA,NA,NA,NA,2019-08-03,2019-08-03,"20 15 1 6"
4,8,2019,20,20,1,60,"f",NA,NA,NA,NA,NA,2019-08-04,2019-08-04,"20 20 1 60"
4,8,2019,25,20,3,60,"f",NA,NA,NA,NA,NA,2019-08-04,2019-08-04,"25 20 3 60"
4,8,2019,20,20,2,6,"n",5,NA,NA,4,3,2019-08-04,2019-08-04,"20 20 2 6"
4,8,2019,20,20,2,13,"n",7,NA,NA,10,2,2019-08-04,2019-08-04,"20 20 2 13"
4,8,2019,20,20,2,20,"n",3,NA,NA,13,2,2019-08-04,2019-08-04,"20 20 2 20"
4,8,2019,20,20,3,0,"n",7,NA,NA,3,2,2019-08-04,2019-08-04,"20 20 3 0"
4,8,2019,20,20,3,9,"n",4,NA,NA,3,2,2019-08-04,2019-08-04,"20 20 3 9"
4,8,2019,15,20,1,0,"n",5,NA,NA,7,3,2019-08-04,2019-08-04,"15 20 1 0"
4,8,2019,15,20,4,13,"n",3,NA,NA,2,2,2019-08-04,2019-08-04,"15 20 4 13"
4,8,2019,20,25,2,0,"n",2,NA,NA,3,6,2019-08-04,2019-08-04,"20 25 2 0"
4,8,2019,20,25,4,0,"n",3,NA,NA,10,1,2019-08-04,2019-08-04,"20 25 4 0"
4,8,2019,15,25,2,13,"d",NA,NA,NA,NA,NA,2019-08-04,2019-08-04,"15 25 2 13"
4,8,2019,25,20,5,60,"s",NA,NA,NA,NA,NA,2019-08-04,2019-08-04,"25 20 5 60"
4,8,2019,25,20,5,0,"s",NA,NA,NA,NA,NA,2019-08-04,2019-08-04,"25 20 5 0"
4,8,2019,25,20,5,6,"s",NA,NA,NA,NA,NA,2019-08-04,2019-08-04,"25 20 5 6"
4,8,2019,25,20,5,9,"s",NA,NA,NA,NA,NA,2019-08-04,2019-08-04,"25 20 5 9"
4,8,2019,25,20,5,13,"s",NA,NA,NA,NA,NA,2019-08-04,2019-08-04,"25 20 5 13"
4,8,2019,25,20,5,20,"s",NA,NA,NA,NA,NA,2019-08-04,2019-08-04,"25 20 5 20"
4,8,2019,25,20,5,30,"s",NA,NA,NA,NA,NA,2019-08-04,2019-08-04,"25 20 5 30"
4,8,2019,25,20,5,45,"s",NA,NA,NA,NA,NA,2019-08-04,2019-08-04,"25 20 5 45"
4,8,2019,20,20,1,0,"f",NA,NA,NA,NA,NA,2019-08-04,2019-08-04,"20 20 1 0"
4,8,2019,25,20,3,0,"f",NA,NA,NA,NA,NA,2019-08-04,2019-08-04,"25 20 3 0"
4,8,2019,20,20,1,6,"f",NA,NA,NA,NA,NA,2019-08-04,2019-08-04,"20 20 1 6"
4,8,2019,25,20,3,6,"f",NA,NA,NA,NA,NA,2019-08-04,2019-08-04,"25 20 3 6"
4,8,2019,20,20,1,9,"f",NA,NA,NA,NA,NA,2019-08-04,2019-08-04,"20 20 1 9"
4,8,2019,25,20,3,9,"f",NA,NA,NA,NA,NA,2019-08-04,2019-08-04,"25 20 3 9"
4,8,2019,20,20,1,13,"f",NA,NA,NA,NA,NA,2019-08-04,2019-08-04,"20 20 1 13"
4,8,2019,25,20,3,13,"f",NA,NA,NA,NA,NA,2019-08-04,2019-08-04,"25 20 3 13"
4,8,2019,20,20,1,20,"f",NA,NA,NA,NA,NA,2019-08-04,2019-08-04,"20 20 1 20"
4,8,2019,25,20,3,20,"f",NA,NA,NA,NA,NA,2019-08-04,2019-08-04,"25 20 3 20"
4,8,2019,20,20,1,30,"f",NA,NA,NA,NA,NA,2019-08-04,2019-08-04,"20 20 1 30"
4,8,2019,25,20,3,30,"f",NA,NA,NA,NA,NA,2019-08-04,2019-08-04,"25 20 3 30"
4,8,2019,20,20,1,45,"f",NA,NA,NA,NA,NA,2019-08-04,2019-08-04,"20 20 1 45"
4,8,2019,25,20,3,45,"f",NA,NA,NA,NA,NA,2019-08-04,2019-08-04,"25 20 3 45"
5,8,2019,25,20,1,45,"d",NA,NA,NA,NA,NA,2019-08-05,2019-08-05,"25 20 1 45"
5,8,2019,25,20,2,9,"n",1,NA,NA,13,1,2019-08-05,2019-08-05,"25 20 2 9"
5,8,2019,25,20,4,20,"n",4,NA,NA,10,1,2019-08-05,2019-08-05,"25 20 4 20"
5,8,2019,20,20,2,9,"n",7,NA,NA,10,3,2019-08-05,2019-08-05,"20 20 2 9"
5,8,2019,15,20,1,13,"n",1,NA,NA,9,3,2019-08-05,2019-08-05,"15 20 1 13"
5,8,2019,15,20,3,6,"n",8,NA,NA,11,3,2019-08-05,2019-08-05,"15 20 3 6"
5,8,2019,20,25,2,30,"d",NA,NA,NA,NA,NA,2019-08-05,2019-08-05,"20 25 2 30"
5,8,2019,20,25,2,0,"n",1,NA,NA,1,6,2019-08-05,2019-08-05,"20 25 2 0"
5,8,2019,15,25,1,0,"n",6,NA,NA,5,4,2019-08-05,2019-08-05,"15 25 1 0"
5,8,2019,15,25,1,9,"n",4,NA,NA,2,5,2019-08-05,2019-08-05,"15 25 1 9"
5,8,2019,15,25,1,30,"n",1,NA,NA,3,4,2019-08-05,2019-08-05,"15 25 1 30"
5,8,2019,15,25,2,6,"n",3,NA,NA,3,5,2019-08-05,2019-08-05,"15 25 2 6"
5,8,2019,15,25,3,6,"n",8,NA,NA,4,2,2019-08-05,2019-08-05,"15 25 3 6"
6,8,2019,25,20,4,0,"n",3,NA,NA,11,1,2019-08-06,2019-08-06,"25 20 4 0"
6,8,2019,20,20,2,45,"n",2,NA,NA,27,1,2019-08-06,2019-08-06,"20 20 2 45"
6,8,2019,20,20,4,30,"n",1,NA,NA,19,1,2019-08-06,2019-08-06,"20 20 4 30"
6,8,2019,20,20,4,20,"n",7,NA,NA,19,1,2019-08-06,2019-08-06,"20 20 4 20"
6,8,2019,15,20,1,13,"n",1,NA,NA,1,3,2019-08-06,2019-08-06,"15 20 1 13"
6,8,2019,15,20,2,9,"n",1,NA,NA,13,2,2019-08-06,2019-08-06,"15 20 2 9"
6,8,2019,15,20,2,6,"n",3,NA,NA,7,5,2019-08-06,2019-08-06,"15 20 2 6"
6,8,2019,15,20,2,0,"n",4,NA,NA,4,4,2019-08-06,2019-08-06,"15 20 2 0"
6,8,2019,15,20,4,0,"n",9,NA,NA,4,3,2019-08-06,2019-08-06,"15 20 4 0"
6,8,2019,15,20,3,20,"n",1,NA,NA,4,4,2019-08-06,2019-08-06,"15 20 3 20"
6,8,2019,15,25,4,0,"n",9,NA,NA,20,1,2019-08-06,2019-08-06,"15 25 4 0"
6,8,2019,15,25,4,6,"n",4,NA,NA,3,4,2019-08-06,2019-08-06,"15 25 4 6"
6,8,2019,15,25,4,9,"n",4,NA,NA,20,1,2019-08-06,2019-08-06,"15 25 4 9"
6,8,2019,15,25,4,13,"n",4,NA,NA,9,2,2019-08-06,2019-08-06,"15 25 4 13"
6,8,2019,15,25,1,13,"n",5,NA,NA,11,2,2019-08-06,2019-08-06,"15 25 1 13"
6,8,2019,25,25,1,0,"n",7,NA,NA,8,2,2019-08-06,2019-08-06,"25 25 1 0"
6,8,2019,25,20,1,0,"n",9,NA,NA,4,3,2019-08-06,2019-08-06,"25 20 1 0"
7,8,2019,25,20,4,0,"d",NA,NA,NA,NA,NA,2019-08-07,2019-08-07,"25 20 4 0"
7,8,2019,20,20,2,0,"n",6,NA,NA,28,1,2019-08-07,2019-08-07,"20 20 2 0"
7,8,2019,20,20,3,6,"n",1,NA,NA,22,1,2019-08-07,2019-08-07,"20 20 3 6"
7,8,2019,20,20,3,9,"n",3,NA,NA,3,3,2019-08-07,2019-08-07,"20 20 3 9"
7,8,2019,15,20,1,0,"n",3,NA,NA,3,4,2019-08-07,2019-08-07,"15 20 1 0"
7,8,2019,15,20,3,0,"n",6,NA,NA,5,5,2019-08-07,2019-08-07,"15 20 3 0"
7,8,2019,15,20,4,6,"n",2,NA,NA,4,3,2019-08-07,2019-08-07,"15 20 4 6"
7,8,2019,25,20,1,6,"n",7,NA,NA,22,1,2019-08-07,2019-08-07,"25 20 1 6"
7,8,2019,25,20,1,13,"n",2,NA,NA,22,1,2019-08-07,2019-08-07,"25 20 1 13"
7,8,2019,25,20,2,0,"n",5,NA,NA,5,2,2019-08-07,2019-08-07,"25 20 2 0"
7,8,2019,15,25,2,45,"d",NA,NA,NA,NA,NA,2019-08-07,2019-08-07,"15 25 2 45"
7,8,2019,15,25,1,6,"n",1,NA,NA,9,3,2019-08-07,2019-08-07,"15 25 1 6"
7,8,2019,15,25,5,0,"n",6,NA,NA,13,1,2019-08-07,2019-08-07,"15 25 5 0"
7,8,2019,15,15,2,30,"d",NA,NA,NA,NA,NA,2019-08-07,2019-08-07,"15 15 2 30"
7,8,2019,25,15,2,20,"d",NA,NA,NA,NA,NA,2019-08-07,2019-08-07,"25 15 2 20"
7,8,2019,25,15,2,45,"d",NA,NA,NA,NA,NA,2019-08-07,2019-08-07,"25 15 2 45"
7,8,2019,25,15,3,20,"d",NA,NA,NA,NA,NA,2019-08-07,2019-08-07,"25 15 3 20"
7,8,2019,20,15,2,20,"n",2,NA,NA,27,1,2019-08-07,2019-08-07,"20 15 2 20"
7,8,2019,15,15,1,6,"n",1,NA,NA,28,1,2019-08-07,2019-08-07,"15 15 1 6"
7,8,2019,15,20,2,60,"d",NA,NA,NA,NA,NA,2019-08-07,2019-08-07,"15 20 2 60"
8,8,2019,15,20,1,60,"f",NA,NA,NA,NA,NA,2019-08-08,2019-08-08,"15 20 1 60"
8,8,2019,20,20,2,30,"d",NA,NA,NA,NA,NA,2019-08-08,2019-08-08,"20 20 2 30"
8,8,2019,15,20,4,0,"d",NA,NA,NA,NA,NA,2019-08-08,2019-08-08,"15 20 4 0"
8,8,2019,20,20,3,0,"n",8,NA,NA,4,3,2019-08-08,2019-08-08,"20 20 3 0"
8,8,2019,20,20,3,13,"n",3,NA,NA,23,1,2019-08-08,2019-08-08,"20 20 3 13"
8,8,2019,15,20,3,6,"n",8,NA,NA,3,4,2019-08-08,2019-08-08,"15 20 3 6"
8,8,2019,25,20,1,9,"n",3,NA,NA,23,1,2019-08-08,2019-08-08,"25 20 1 9"
8,8,2019,20,15,1,60,"f",NA,NA,NA,NA,NA,2019-08-08,2019-08-08,"20 15 1 60"
8,8,2019,20,25,1,60,"f",NA,NA,NA,NA,NA,2019-08-08,2019-08-08,"20 25 1 60"
8,8,2019,20,15,4,45,"d",NA,NA,NA,NA,NA,2019-08-08,2019-08-08,"20 15 4 45"
8,8,2019,15,15,3,30,"d",NA,NA,NA,NA,NA,2019-08-08,2019-08-08,"15 15 3 30"
8,8,2019,15,15,3,45,"d",NA,NA,NA,NA,NA,2019-08-08,2019-08-08,"15 15 3 45"
8,8,2019,25,15,1,20,"d",NA,NA,NA,NA,NA,2019-08-08,2019-08-08,"25 15 1 20"
8,8,2019,25,15,4,20,"d",NA,NA,NA,NA,NA,2019-08-08,2019-08-08,"25 15 4 20"
8,8,2019,25,15,4,30,"d",NA,NA,NA,NA,NA,2019-08-08,2019-08-08,"25 15 4 30"
8,8,2019,25,15,4,45,"d",NA,NA,NA,NA,NA,2019-08-08,2019-08-08,"25 15 4 45"
8,8,2019,25,25,4,0,"n",3,NA,NA,10,1,2019-08-08,2019-08-08,"25 25 4 0"
8,8,2019,15,25,3,6,"n",5,NA,NA,3,3,2019-08-08,2019-08-08,"15 25 3 6"
8,8,2019,15,25,1,0,"d",NA,NA,NA,NA,NA,2019-08-08,2019-08-08,"15 25 1 0"
8,8,2019,15,20,1,0,"f",NA,NA,NA,NA,NA,2019-08-08,2019-08-08,"15 20 1 0"
8,8,2019,20,15,1,0,"f",NA,NA,NA,NA,NA,2019-08-08,2019-08-08,"20 15 1 0"
8,8,2019,20,25,1,0,"f",NA,NA,NA,NA,NA,2019-08-08,2019-08-08,"20 25 1 0"
8,8,2019,15,20,1,6,"f",NA,NA,NA,NA,NA,2019-08-08,2019-08-08,"15 20 1 6"
8,8,2019,20,15,1,6,"f",NA,NA,NA,NA,NA,2019-08-08,2019-08-08,"20 15 1 6"
8,8,2019,20,25,1,6,"f",NA,NA,NA,NA,NA,2019-08-08,2019-08-08,"20 25 1 6"
8,8,2019,15,20,1,9,"f",NA,NA,NA,NA,NA,2019-08-08,2019-08-08,"15 20 1 9"
8,8,2019,20,15,1,9,"f",NA,NA,NA,NA,NA,2019-08-08,2019-08-08,"20 15 1 9"
8,8,2019,20,25,1,9,"f",NA,NA,NA,NA,NA,2019-08-08,2019-08-08,"20 25 1 9"
8,8,2019,15,20,1,13,"f",NA,NA,NA,NA,NA,2019-08-08,2019-08-08,"15 20 1 13"
8,8,2019,20,15,1,13,"f",NA,NA,NA,NA,NA,2019-08-08,2019-08-08,"20 15 1 13"
8,8,2019,20,25,1,13,"f",NA,NA,NA,NA,NA,2019-08-08,2019-08-08,"20 25 1 13"
8,8,2019,15,20,1,20,"f",NA,NA,NA,NA,NA,2019-08-08,2019-08-08,"15 20 1 20"
8,8,2019,20,15,1,20,"f",NA,NA,NA,NA,NA,2019-08-08,2019-08-08,"20 15 1 20"
8,8,2019,20,25,1,20,"f",NA,NA,NA,NA,NA,2019-08-08,2019-08-08,"20 25 1 20"
8,8,2019,15,20,1,30,"f",NA,NA,NA,NA,NA,2019-08-08,2019-08-08,"15 20 1 30"
8,8,2019,20,15,1,30,"f",NA,NA,NA,NA,NA,2019-08-08,2019-08-08,"20 15 1 30"
8,8,2019,20,25,1,30,"f",NA,NA,NA,NA,NA,2019-08-08,2019-08-08,"20 25 1 30"
8,8,2019,15,20,1,45,"f",NA,NA,NA,NA,NA,2019-08-08,2019-08-08,"15 20 1 45"
8,8,2019,20,15,1,45,"f",NA,NA,NA,NA,NA,2019-08-08,2019-08-08,"20 15 1 45"
8,8,2019,20,25,1,45,"f",NA,NA,NA,NA,NA,2019-08-08,2019-08-08,"20 25 1 45"
9,8,2019,20,20,2,60,"f",NA,NA,NA,NA,NA,2019-08-09,2019-08-09,"20 20 2 60"
9,8,2019,15,20,1,60,"f",NA,NA,NA,NA,NA,2019-08-09,2019-08-09,"15 20 1 60"
9,8,2019,20,20,2,9,"n",2,NA,NA,4,4,2019-08-09,2019-08-09,"20 20 2 9"
9,8,2019,20,20,2,13,"n",2,NA,NA,5,3,2019-08-09,2019-08-09,"20 20 2 13"
9,8,2019,15,20,2,0,"n",3,NA,NA,3,5,2019-08-09,2019-08-09,"15 20 2 0"
9,8,2019,15,20,2,6,"n",9,NA,NA,3,6,2019-08-09,2019-08-09,"15 20 2 6"
9,8,2019,15,20,3,9,"n",7,NA,NA,14,3,2019-08-09,2019-08-09,"15 20 3 9"
9,8,2019,15,20,3,20,"n",8,NA,NA,3,5,2019-08-09,2019-08-09,"15 20 3 20"
9,8,2019,25,20,1,0,"n",9,NA,NA,3,4,2019-08-09,2019-08-09,"25 20 1 0"
9,8,2019,25,20,2,6,"n",11,NA,NA,17,1,2019-08-09,2019-08-09,"25 20 2 6"
9,8,2019,25,20,4,9,"n",8,NA,NA,14,1,2019-08-09,2019-08-09,"25 20 4 9"
9,8,2019,20,25,2,0,"n",7,NA,NA,4,8,2019-08-09,2019-08-09,"20 25 2 0"
9,8,2019,15,25,1,6,"n",3,NA,NA,2,4,2019-08-09,2019-08-09,"15 25 1 6"
9,8,2019,15,25,3,9,"n",3,NA,NA,17,2,2019-08-09,2019-08-09,"15 25 3 9"
9,8,2019,25,25,1,0,"n",4,NA,NA,3,3,2019-08-09,2019-08-09,"25 25 1 0"
9,8,2019,25,25,1,6,"n",2,NA,NA,8,2,2019-08-09,2019-08-09,"25 25 1 6"
9,8,2019,15,25,1,30,"d",NA,NA,NA,NA,NA,2019-08-09,2019-08-09,"15 25 1 30"
9,8,2019,20,15,4,60,"d",NA,NA,NA,NA,NA,2019-08-09,2019-08-09,"20 15 4 60"
9,8,2019,25,15,2,30,"d",NA,NA,NA,NA,NA,2019-08-09,2019-08-09,"25 15 2 30"
9,8,2019,20,20,2,0,"f",NA,NA,NA,NA,NA,2019-08-09,2019-08-09,"20 20 2 0"
9,8,2019,15,20,1,0,"f",NA,NA,NA,NA,NA,2019-08-09,2019-08-09,"15 20 1 0"
9,8,2019,20,20,2,6,"f",NA,NA,NA,NA,NA,2019-08-09,2019-08-09,"20 20 2 6"
9,8,2019,15,20,1,6,"f",NA,NA,NA,NA,NA,2019-08-09,2019-08-09,"15 20 1 6"
9,8,2019,20,20,2,9,"f",NA,NA,NA,NA,NA,2019-08-09,2019-08-09,"20 20 2 9"
9,8,2019,15,20,1,9,"f",NA,NA,NA,NA,NA,2019-08-09,2019-08-09,"15 20 1 9"
9,8,2019,20,20,2,13,"f",NA,NA,NA,NA,NA,2019-08-09,2019-08-09,"20 20 2 13"
9,8,2019,15,20,1,13,"f",NA,NA,NA,NA,NA,2019-08-09,2019-08-09,"15 20 1 13"
9,8,2019,20,20,2,20,"f",NA,NA,NA,NA,NA,2019-08-09,2019-08-09,"20 20 2 20"
9,8,2019,15,20,1,20,"f",NA,NA,NA,NA,NA,2019-08-09,2019-08-09,"15 20 1 20"
9,8,2019,20,20,2,30,"f",NA,NA,NA,NA,NA,2019-08-09,2019-08-09,"20 20 2 30"
9,8,2019,15,20,1,30,"f",NA,NA,NA,NA,NA,2019-08-09,2019-08-09,"15 20 1 30"
9,8,2019,20,20,2,45,"f",NA,NA,NA,NA,NA,2019-08-09,2019-08-09,"20 20 2 45"
9,8,2019,15,20,1,45,"f",NA,NA,NA,NA,NA,2019-08-09,2019-08-09,"15 20 1 45"
10,8,2019,20,20,3,9,"n",1,NA,NA,3,4,2019-08-10,2019-08-10,"20 20 3 9"
10,8,2019,15,20,2,13,"n",3,NA,NA,28,1,2019-08-10,2019-08-10,"15 20 2 13"
10,8,2019,15,20,4,6,"n",8,NA,NA,3,4,2019-08-10,2019-08-10,"15 20 4 6"
10,8,2019,25,20,2,0,"n",9,NA,NA,3,3,2019-08-10,2019-08-10,"25 20 2 0"
10,8,2019,15,20,3,60,"d",NA,NA,NA,NA,NA,2019-08-10,2019-08-10,"15 20 3 60"
10,8,2019,15,25,4,30,"d",NA,NA,NA,NA,NA,2019-08-10,2019-08-10,"15 25 4 30"
10,8,2019,25,25,1,45,"d",NA,NA,NA,NA,NA,2019-08-10,2019-08-10,"25 25 1 45"
10,8,2019,20,25,2,60,"f",NA,NA,NA,NA,NA,2019-08-10,2019-08-10,"20 25 2 60"
10,8,2019,25,25,4,0,"n",4,NA,NA,2,2,2019-08-10,2019-08-10,"25 25 4 0"
10,8,2019,20,25,2,0,"n",1,NA,NA,1,8,2019-08-10,2019-08-10,"20 25 2 0"
10,8,2019,20,25,2,0,"f",NA,NA,NA,NA,NA,2019-08-10,2019-08-10,"20 25 2 0"
10,8,2019,20,25,2,6,"f",NA,NA,NA,NA,NA,2019-08-10,2019-08-10,"20 25 2 6"
10,8,2019,20,25,2,9,"f",NA,NA,NA,NA,NA,2019-08-10,2019-08-10,"20 25 2 9"
10,8,2019,20,25,2,13,"f",NA,NA,NA,NA,NA,2019-08-10,2019-08-10,"20 25 2 13"
10,8,2019,20,25,2,20,"f",NA,NA,NA,NA,NA,2019-08-10,2019-08-10,"20 25 2 20"
10,8,2019,20,25,2,30,"f",NA,NA,NA,NA,NA,2019-08-10,2019-08-10,"20 25 2 30"
10,8,2019,20,25,2,45,"f",NA,NA,NA,NA,NA,2019-08-10,2019-08-10,"20 25 2 45"
11,8,2019,15,25,1,60,"f",NA,NA,NA,NA,NA,2019-08-11,2019-08-11,"15 25 1 60"
11,8,2019,20,20,3,0,"n",8,NA,NA,3,4,2019-08-11,2019-08-11,"20 20 3 0"
11,8,2019,20,20,3,9,"n",4,NA,NA,1,4,2019-08-11,2019-08-11,"20 20 3 9"
11,8,2019,15,20,2,20,"n",3,NA,NA,29,1,2019-08-11,2019-08-11,"15 20 2 20"
11,8,2019,15,20,3,0,"n",3,NA,NA,4,6,2019-08-11,2019-08-11,"15 20 3 0"
11,8,2019,15,20,3,13,"n",1,NA,NA,19,2,2019-08-11,2019-08-11,"15 20 3 13"
11,8,2019,15,20,3,45,"n",2,NA,NA,29,1,2019-08-11,2019-08-11,"15 20 3 45"
11,8,2019,15,20,4,13,"n",2,NA,NA,7,3,2019-08-11,2019-08-11,"15 20 4 13"
11,8,2019,25,20,1,6,"n",2,NA,NA,4,2,2019-08-11,2019-08-11,"25 20 1 6"
11,8,2019,25,20,1,9,"n",1,NA,NA,3,2,2019-08-11,2019-08-11,"25 20 1 9"
11,8,2019,25,20,1,13,"n",4,NA,NA,4,2,2019-08-11,2019-08-11,"25 20 1 13"
11,8,2019,15,15,1,13,"n",7,NA,NA,32,1,2019-08-11,2019-08-11,"15 15 1 13"
11,8,2019,25,25,4,13,"n",1,NA,NA,13,1,2019-08-11,2019-08-11,"25 25 4 13"
11,8,2019,15,25,2,6,"n",4,NA,NA,6,6,2019-08-11,2019-08-11,"15 25 2 6"
11,8,2019,15,25,3,13,"n",2,NA,NA,28,1,2019-08-11,2019-08-11,"15 25 3 13"
11,8,2019,25,25,3,60,"d",NA,NA,NA,NA,NA,2019-08-11,2019-08-11,"25 25 3 60"
11,8,2019,15,25,1,0,"f",NA,NA,NA,NA,NA,2019-08-11,2019-08-11,"15 25 1 0"
11,8,2019,15,25,1,6,"f",NA,NA,NA,NA,NA,2019-08-11,2019-08-11,"15 25 1 6"
11,8,2019,15,25,1,9,"f",NA,NA,NA,NA,NA,2019-08-11,2019-08-11,"15 25 1 9"
11,8,2019,15,25,1,13,"f",NA,NA,NA,NA,NA,2019-08-11,2019-08-11,"15 25 1 13"
11,8,2019,15,25,1,20,"f",NA,NA,NA,NA,NA,2019-08-11,2019-08-11,"15 25 1 20"
11,8,2019,15,25,1,30,"f",NA,NA,NA,NA,NA,2019-08-11,2019-08-11,"15 25 1 30"
11,8,2019,15,25,1,45,"f",NA,NA,NA,NA,NA,2019-08-11,2019-08-11,"15 25 1 45"
12,8,2019,25,20,4,9,"d",NA,NA,NA,NA,NA,2019-08-12,2019-08-12,"25 20 4 9"
12,8,2019,25,20,4,60,"d",NA,NA,NA,NA,NA,2019-08-12,2019-08-12,"25 20 4 60"
12,8,2019,20,20,4,9,"n",1,NA,NA,25,1,2019-08-12,2019-08-12,"20 20 4 9"
12,8,2019,15,20,3,6,"n",4,NA,NA,4,5,2019-08-12,2019-08-12,"15 20 3 6"
12,8,2019,25,20,1,0,"n",4,NA,NA,3,5,2019-08-12,2019-08-12,"25 20 1 0"
12,8,2019,15,20,2,60,"f",NA,NA,NA,NA,NA,2019-08-12,2019-08-12,"15 20 2 60"
12,8,2019,15,20,3,60,"f",NA,NA,NA,NA,NA,2019-08-12,2019-08-12,"15 20 3 60"
12,8,2019,15,20,2,9,"n",1,NA,NA,6,3,2019-08-12,2019-08-12,"15 20 2 9"
12,8,2019,15,15,1,0,"n",3,NA,NA,33,1,2019-08-12,2019-08-12,"15 15 1 0"
12,8,2019,15,15,1,6,"n",9,NA,NA,5,2,2019-08-12,2019-08-12,"15 15 1 6"
12,8,2019,15,15,1,30,"d",NA,NA,NA,NA,NA,2019-08-12,2019-08-12,"15 15 1 30"
12,8,2019,25,15,1,60,"d",NA,NA,NA,NA,NA,2019-08-12,2019-08-12,"25 15 1 60"
12,8,2019,25,15,2,60,"d",NA,NA,NA,NA,NA,2019-08-12,2019-08-12,"25 15 2 60"
12,8,2019,25,15,3,30,"d",NA,NA,NA,NA,NA,2019-08-12,2019-08-12,"25 15 3 30"
12,8,2019,15,25,2,60,"f",NA,NA,NA,NA,NA,2019-08-12,2019-08-12,"15 25 2 60"
12,8,2019,15,25,3,6,"n",4,NA,NA,4,4,2019-08-12,2019-08-12,"15 25 3 6"
12,8,2019,15,25,4,0,"n",4,NA,NA,6,2,2019-08-12,2019-08-12,"15 25 4 0"
12,8,2019,15,25,4,13,"n",5,NA,NA,6,3,2019-08-12,2019-08-12,"15 25 4 13"
12,8,2019,25,25,4,13,"n",1,NA,NA,1,1,2019-08-12,2019-08-12,"25 25 4 13"
12,8,2019,15,20,2,0,"f",NA,NA,NA,NA,NA,2019-08-12,2019-08-12,"15 20 2 0"
12,8,2019,15,20,3,0,"f",NA,NA,NA,NA,NA,2019-08-12,2019-08-12,"15 20 3 0"
12,8,2019,15,25,2,0,"f",NA,NA,NA,NA,NA,2019-08-12,2019-08-12,"15 25 2 0"
12,8,2019,15,20,2,6,"f",NA,NA,NA,NA,NA,2019-08-12,2019-08-12,"15 20 2 6"
12,8,2019,15,20,3,6,"f",NA,NA,NA,NA,NA,2019-08-12,2019-08-12,"15 20 3 6"
12,8,2019,15,25,2,6,"f",NA,NA,NA,NA,NA,2019-08-12,2019-08-12,"15 25 2 6"
12,8,2019,15,20,2,9,"f",NA,NA,NA,NA,NA,2019-08-12,2019-08-12,"15 20 2 9"
12,8,2019,15,20,3,9,"f",NA,NA,NA,NA,NA,2019-08-12,2019-08-12,"15 20 3 9"
12,8,2019,15,25,2,9,"f",NA,NA,NA,NA,NA,2019-08-12,2019-08-12,"15 25 2 9"
12,8,2019,15,20,2,13,"f",NA,NA,NA,NA,NA,2019-08-12,2019-08-12,"15 20 2 13"
12,8,2019,15,20,3,13,"f",NA,NA,NA,NA,NA,2019-08-12,2019-08-12,"15 20 3 13"
12,8,2019,15,25,2,13,"f",NA,NA,NA,NA,NA,2019-08-12,2019-08-12,"15 25 2 13"
12,8,2019,15,20,2,20,"f",NA,NA,NA,NA,NA,2019-08-12,2019-08-12,"15 20 2 20"
12,8,2019,15,20,3,20,"f",NA,NA,NA,NA,NA,2019-08-12,2019-08-12,"15 20 3 20"
12,8,2019,15,25,2,20,"f",NA,NA,NA,NA,NA,2019-08-12,2019-08-12,"15 25 2 20"
12,8,2019,15,20,2,30,"f",NA,NA,NA,NA,NA,2019-08-12,2019-08-12,"15 20 2 30"
12,8,2019,15,20,3,30,"f",NA,NA,NA,NA,NA,2019-08-12,2019-08-12,"15 20 3 30"
12,8,2019,15,25,2,30,"f",NA,NA,NA,NA,NA,2019-08-12,2019-08-12,"15 25 2 30"
12,8,2019,15,20,2,45,"f",NA,NA,NA,NA,NA,2019-08-12,2019-08-12,"15 20 2 45"
12,8,2019,15,20,3,45,"f",NA,NA,NA,NA,NA,2019-08-12,2019-08-12,"15 20 3 45"
12,8,2019,15,25,2,45,"f",NA,NA,NA,NA,NA,2019-08-12,2019-08-12,"15 25 2 45"
13,8,2019,20,15,3,0,"n",9,NA,NA,28,1,2019-08-13,2019-08-13,"20 15 3 0"
13,8,2019,25,15,3,45,"d",NA,NA,NA,NA,NA,2019-08-13,2019-08-13,"25 15 3 45"
13,8,2019,20,25,4,0,"n",1,NA,NA,9,2,2019-08-13,2019-08-13,"20 25 4 0"
13,8,2019,20,25,4,6,"n",6,NA,NA,19,1,2019-08-13,2019-08-13,"20 25 4 6"
13,8,2019,20,25,4,9,"n",4,NA,NA,19,1,2019-08-13,2019-08-13,"20 25 4 9"
13,8,2019,15,25,3,9,"n",3,NA,NA,4,3,2019-08-13,2019-08-13,"15 25 3 9"
13,8,2019,15,25,3,13,"n",2,NA,NA,2,2,2019-08-13,2019-08-13,"15 25 3 13"
13,8,2019,25,25,1,0,"n",3,NA,NA,4,4,2019-08-13,2019-08-13,"25 25 1 0"
13,8,2019,25,25,1,6,"n",2,NA,NA,4,3,2019-08-13,2019-08-13,"25 25 1 6"
13,8,2019,25,25,3,9,"n",2,NA,NA,19,1,2019-08-13,2019-08-13,"25 25 3 9"
13,8,2019,20,25,3,45,"d",NA,NA,NA,NA,NA,2019-08-13,2019-08-13,"20 25 3 45"
13,8,2019,20,25,4,45,"d",NA,NA,NA,NA,NA,2019-08-13,2019-08-13,"20 25 4 45"
13,8,2019,25,25,4,60,"d",NA,NA,NA,NA,NA,2019-08-13,2019-08-13,"25 25 4 60"
13,8,2019,15,25,3,60,"f",NA,NA,NA,NA,NA,2019-08-13,2019-08-13,"15 25 3 60"
13,8,2019,15,25,3,0,"f",NA,NA,NA,NA,NA,2019-08-13,2019-08-13,"15 25 3 0"
13,8,2019,15,25,3,6,"f",NA,NA,NA,NA,NA,2019-08-13,2019-08-13,"15 25 3 6"
13,8,2019,15,25,3,9,"f",NA,NA,NA,NA,NA,2019-08-13,2019-08-13,"15 25 3 9"
13,8,2019,15,25,3,13,"f",NA,NA,NA,NA,NA,2019-08-13,2019-08-13,"15 25 3 13"
13,8,2019,15,25,3,20,"f",NA,NA,NA,NA,NA,2019-08-13,2019-08-13,"15 25 3 20"
13,8,2019,15,25,3,30,"f",NA,NA,NA,NA,NA,2019-08-13,2019-08-13,"15 25 3 30"
13,8,2019,15,25,3,45,"f",NA,NA,NA,NA,NA,2019-08-13,2019-08-13,"15 25 3 45"
14,8,2019,20,20,3,9,"n",2,NA,NA,3,6,2019-08-14,2019-08-14,"20 20 3 9"
14,8,2019,20,15,3,6,"n",2,NA,NA,29,1,2019-08-14,2019-08-14,"20 15 3 6"
14,8,2019,15,25,4,6,"n",2,NA,NA,8,5,2019-08-14,2019-08-14,"15 25 4 6"
14,8,2019,15,25,5,0,"n",1,NA,NA,7,2,2019-08-14,2019-08-14,"15 25 5 0"
14,8,2019,25,20,2,0,"n",4,NA,NA,4,4,2019-08-14,2019-08-14,"25 20 2 0"
14,8,2019,15,20,4,60,"f",1,NA,NA,NA,NA,2019-08-14,2019-08-14,"15 20 4 60"
14,8,2019,15,20,4,0,"f",1,NA,NA,NA,NA,2019-08-14,2019-08-14,"15 20 4 0"
14,8,2019,15,20,4,6,"f",1,NA,NA,NA,NA,2019-08-14,2019-08-14,"15 20 4 6"
14,8,2019,15,20,4,9,"f",1,NA,NA,NA,NA,2019-08-14,2019-08-14,"15 20 4 9"
14,8,2019,15,20,4,13,"f",1,NA,NA,NA,NA,2019-08-14,2019-08-14,"15 20 4 13"
14,8,2019,15,20,4,20,"f",1,NA,NA,NA,NA,2019-08-14,2019-08-14,"15 20 4 20"
14,8,2019,15,20,4,30,"f",1,NA,NA,NA,NA,2019-08-14,2019-08-14,"15 20 4 30"
14,8,2019,15,20,4,45,"f",1,NA,NA,NA,NA,2019-08-14,2019-08-14,"15 20 4 45"
15,8,2019,15,25,4,6,"n",1,NA,NA,1,5,2019-08-15,2019-08-15,"15 25 4 6"
15,8,2019,25,25,1,6,"n",3,NA,NA,2,4,2019-08-15,2019-08-15,"25 25 1 6"
15,8,2019,25,25,1,60,"n",5,NA,NA,16,2,2019-08-15,2019-08-15,"25 25 1 60"
15,8,2019,20,20,3,9,"n",6,NA,NA,1,6,2019-08-15,2019-08-15,"20 20 3 9"
15,8,2019,25,20,1,6,"n",7,NA,NA,4,3,2019-08-15,2019-08-15,"25 20 1 6"
15,8,2019,20,20,3,60,"f",NA,NA,NA,NA,NA,2019-08-15,2019-08-15,"20 20 3 60"
15,8,2019,25,20,1,60,"f",NA,NA,NA,NA,NA,2019-08-15,2019-08-15,"25 20 1 60"
15,8,2019,20,20,3,0,"f",NA,NA,NA,NA,NA,2019-08-15,2019-08-15,"20 20 3 0"
15,8,2019,25,20,1,0,"f",NA,NA,NA,NA,NA,2019-08-15,2019-08-15,"25 20 1 0"
15,8,2019,20,20,3,6,"f",NA,NA,NA,NA,NA,2019-08-15,2019-08-15,"20 20 3 6"
15,8,2019,25,20,1,6,"f",NA,NA,NA,NA,NA,2019-08-15,2019-08-15,"25 20 1 6"
15,8,2019,20,20,3,9,"f",NA,NA,NA,NA,NA,2019-08-15,2019-08-15,"20 20 3 9"
15,8,2019,25,20,1,9,"f",NA,NA,NA,NA,NA,2019-08-15,2019-08-15,"25 20 1 9"
15,8,2019,20,20,3,13,"f",NA,NA,NA,NA,NA,2019-08-15,2019-08-15,"20 20 3 13"
15,8,2019,25,20,1,13,"f",NA,NA,NA,NA,NA,2019-08-15,2019-08-15,"25 20 1 13"
15,8,2019,20,20,3,20,"f",NA,NA,NA,NA,NA,2019-08-15,2019-08-15,"20 20 3 20"
15,8,2019,25,20,1,20,"f",NA,NA,NA,NA,NA,2019-08-15,2019-08-15,"25 20 1 20"
15,8,2019,20,20,3,30,"f",NA,NA,NA,NA,NA,2019-08-15,2019-08-15,"20 20 3 30"
15,8,2019,25,20,1,30,"f",NA,NA,NA,NA,NA,2019-08-15,2019-08-15,"25 20 1 30"
15,8,2019,20,20,3,45,"f",NA,NA,NA,NA,NA,2019-08-15,2019-08-15,"20 20 3 45"
15,8,2019,25,20,1,45,"f",NA,NA,NA,NA,NA,2019-08-15,2019-08-15,"25 20 1 45"
16,8,2019,25,20,4,45,"d",NA,NA,NA,NA,NA,2019-08-16,2019-08-16,"25 20 4 45"
16,8,2019,25,20,4,30,"d",NA,NA,NA,NA,NA,2019-08-16,2019-08-16,"25 20 4 30"
16,8,2019,25,20,5,60,"d",NA,NA,NA,NA,NA,2019-08-16,2019-08-16,"25 20 5 60"
16,8,2019,20,25,4,0,"n",2,NA,NA,3,3,2019-08-16,2019-08-16,"20 25 4 0"
16,8,2019,20,25,4,9,"n",3,NA,NA,3,2,2019-08-16,2019-08-16,"20 25 4 9"
16,8,2019,25,25,1,9,"e",NA,NA,NA,18,2,2019-08-16,2019-08-16,"25 25 1 9"
16,8,2019,20,25,4,30,"d",NA,NA,NA,NA,NA,2019-08-16,2019-08-16,"20 25 4 30"
16,8,2019,20,25,3,60,"f",NA,NA,NA,NA,NA,2019-08-16,2019-08-16,"20 25 3 60"
16,8,2019,15,25,4,60,"f",NA,NA,NA,NA,NA,2019-08-16,2019-08-16,"15 25 4 60"
16,8,2019,25,25,1,60,"f",NA,NA,NA,NA,NA,2019-08-16,2019-08-16,"25 25 1 60"
16,8,2019,25,25,1,0,"n",3,NA,NA,3,5,2019-08-16,2019-08-16,"25 25 1 0"
16,8,2019,25,25,1,6,"n",2,NA,NA,1,4,2019-08-16,2019-08-16,"25 25 1 6"
16,8,2019,25,25,1,13,"e",NA,NA,NA,30,1,2019-08-16,2019-08-16,"25 25 1 13"
16,8,2019,20,15,2,45,"d",NA,NA,NA,NA,NA,2019-08-16,2019-08-16,"20 15 2 45"
16,8,2019,25,15,3,60,"d",NA,NA,NA,NA,NA,2019-08-16,2019-08-16,"25 15 3 60"
16,8,2019,20,25,3,0,"f",NA,NA,NA,NA,NA,2019-08-16,2019-08-16,"20 25 3 0"
16,8,2019,15,25,4,0,"f",NA,NA,NA,NA,NA,2019-08-16,2019-08-16,"15 25 4 0"
16,8,2019,25,25,1,0,"f",NA,NA,NA,NA,NA,2019-08-16,2019-08-16,"25 25 1 0"
16,8,2019,20,25,3,6,"f",NA,NA,NA,NA,NA,2019-08-16,2019-08-16,"20 25 3 6"
16,8,2019,15,25,4,6,"f",NA,NA,NA,NA,NA,2019-08-16,2019-08-16,"15 25 4 6"
16,8,2019,25,25,1,6,"f",NA,NA,NA,NA,NA,2019-08-16,2019-08-16,"25 25 1 6"
16,8,2019,20,25,3,9,"f",NA,NA,NA,NA,NA,2019-08-16,2019-08-16,"20 25 3 9"
16,8,2019,15,25,4,9,"f",NA,NA,NA,NA,NA,2019-08-16,2019-08-16,"15 25 4 9"
16,8,2019,25,25,1,9,"f",NA,NA,NA,NA,NA,2019-08-16,2019-08-16,"25 25 1 9"
16,8,2019,20,25,3,13,"f",NA,NA,NA,NA,NA,2019-08-16,2019-08-16,"20 25 3 13"
16,8,2019,15,25,4,13,"f",NA,NA,NA,NA,NA,2019-08-16,2019-08-16,"15 25 4 13"
16,8,2019,25,25,1,13,"f",NA,NA,NA,NA,NA,2019-08-16,2019-08-16,"25 25 1 13"
16,8,2019,20,25,3,20,"f",NA,NA,NA,NA,NA,2019-08-16,2019-08-16,"20 25 3 20"
16,8,2019,15,25,4,20,"f",NA,NA,NA,NA,NA,2019-08-16,2019-08-16,"15 25 4 20"
16,8,2019,25,25,1,20,"f",NA,NA,NA,NA,NA,2019-08-16,2019-08-16,"25 25 1 20"
16,8,2019,20,25,3,30,"f",NA,NA,NA,NA,NA,2019-08-16,2019-08-16,"20 25 3 30"
16,8,2019,15,25,4,30,"f",NA,NA,NA,NA,NA,2019-08-16,2019-08-16,"15 25 4 30"
16,8,2019,25,25,1,30,"f",NA,NA,NA,NA,NA,2019-08-16,2019-08-16,"25 25 1 30"
16,8,2019,20,25,3,45,"f",NA,NA,NA,NA,NA,2019-08-16,2019-08-16,"20 25 3 45"
16,8,2019,15,25,4,45,"f",NA,NA,NA,NA,NA,2019-08-16,2019-08-16,"15 25 4 45"
16,8,2019,25,25,1,45,"f",NA,NA,NA,NA,NA,2019-08-16,2019-08-16,"25 25 1 45"
17,8,2019,25,20,2,6,"n",2,NA,NA,8,2,2019-08-17,2019-08-17,"25 20 2 6"
17,8,2019,25,20,5,45,"d",NA,NA,NA,NA,NA,2019-08-17,2019-08-17,"25 20 5 45"
17,8,2019,20,20,4,60,"f",NA,NA,NA,NA,NA,2019-08-17,2019-08-17,"20 20 4 60"
17,8,2019,15,15,1,0,"n",4,NA,NA,5,2,2019-08-17,2019-08-17,"15 15 1 0"
17,8,2019,25,15,3,6,"n",3,NA,NA,23,1,2019-08-17,2019-08-17,"25 15 3 6"
17,8,2019,15,15,1,60,"d",NA,NA,NA,NA,NA,2019-08-17,2019-08-17,"15 15 1 60"
17,8,2019,15,15,3,13,"d",NA,NA,NA,NA,NA,2019-08-17,2019-08-17,"15 15 3 13"
17,8,2019,20,25,4,6,"n",2,NA,NA,4,2,2019-08-17,2019-08-17,"20 25 4 6"
17,8,2019,25,25,4,9,"n",3,NA,NA,19,1,2019-08-17,2019-08-17,"25 25 4 9"
17,8,2019,25,25,4,13,"n",2,NA,NA,5,3,2019-08-17,2019-08-17,"25 25 4 13"
17,8,2019,25,25,3,30,"d",NA,NA,NA,NA,NA,2019-08-17,2019-08-17,"25 25 3 30"
17,8,2019,25,25,3,45,"d",NA,NA,NA,NA,NA,2019-08-17,2019-08-17,"25 25 3 45"
17,8,2019,20,20,4,0,"f",NA,NA,NA,NA,NA,2019-08-17,2019-08-17,"20 20 4 0"
17,8,2019,20,20,4,6,"f",NA,NA,NA,NA,NA,2019-08-17,2019-08-17,"20 20 4 6"
17,8,2019,20,20,4,9,"f",NA,NA,NA,NA,NA,2019-08-17,2019-08-17,"20 20 4 9"
17,8,2019,20,20,4,13,"f",NA,NA,NA,NA,NA,2019-08-17,2019-08-17,"20 20 4 13"
17,8,2019,20,20,4,20,"f",NA,NA,NA,NA,NA,2019-08-17,2019-08-17,"20 20 4 20"
17,8,2019,20,20,4,30,"f",NA,NA,NA,NA,NA,2019-08-17,2019-08-17,"20 20 4 30"
17,8,2019,20,20,4,45,"f",NA,NA,NA,NA,NA,2019-08-17,2019-08-17,"20 20 4 45"
18,8,2019,25,20,2,0,"n",2,NA,NA,4,5,2019-08-18,2019-08-18,"25 20 2 0"
18,8,2019,25,20,2,45,"d",NA,NA,NA,NA,NA,2019-08-18,2019-08-18,"25 20 2 45"
18,8,2019,20,15,3,0,"n",6,NA,NA,5,2,2019-08-18,2019-08-18,"20 15 3 0"
18,8,2019,20,15,3,13,"n",5,NA,NA,33,1,2019-08-18,2019-08-18,"20 15 3 13"
18,8,2019,25,15,1,0,"n",4,NA,NA,27,1,2019-08-18,2019-08-18,"25 15 1 0"
18,8,2019,20,15,3,30,"d",NA,NA,NA,NA,NA,2019-08-18,2019-08-18,"20 15 3 30"
18,8,2019,20,15,4,30,"d",NA,NA,NA,NA,NA,2019-08-18,2019-08-18,"20 15 4 30"
18,8,2019,15,15,4,45,"d",NA,NA,NA,NA,NA,2019-08-18,2019-08-18,"15 15 4 45"
18,8,2019,25,15,4,60,"d",NA,NA,NA,NA,NA,2019-08-18,2019-08-18,"25 15 4 60"
18,8,2019,20,25,4,6,"n",3,NA,NA,1,2,2019-08-18,2019-08-18,"20 25 4 6"
18,8,2019,25,25,3,9,"n",4,NA,NA,5,2,2019-08-18,2019-08-18,"25 25 3 9"
19,8,2019,20,15,2,9,"n",5,NA,NA,39,1,2019-08-19,2019-08-19,"20 15 2 9"
19,8,2019,20,15,3,0,"n",6,NA,NA,1,2,2019-08-19,2019-08-19,"20 15 3 0"
19,8,2019,20,15,3,9,"n",3,NA,NA,34,1,2019-08-19,2019-08-19,"20 15 3 9"
19,8,2019,15,15,1,6,"n",8,NA,NA,7,3,2019-08-19,2019-08-19,"15 15 1 6"
19,8,2019,15,15,4,9,"n",3,NA,NA,34,1,2019-08-19,2019-08-19,"15 15 4 9"
19,8,2019,15,15,4,13,"n",3,NA,NA,34,1,2019-08-19,2019-08-19,"15 15 4 13"
19,8,2019,20,25,4,0,"n",3,NA,NA,3,4,2019-08-19,2019-08-19,"20 25 4 0"
19,8,2019,15,25,5,0,"n",4,NA,NA,5,3,2019-08-19,2019-08-19,"15 25 5 0"
20,8,2019,25,20,2,30,"d",NA,NA,NA,NA,NA,2019-08-20,2019-08-20,"25 20 2 30"
20,8,2019,25,20,5,30,"d",NA,NA,NA,NA,NA,2019-08-20,2019-08-20,"25 20 5 30"
20,8,2019,20,15,4,6,"n",4,NA,NA,27,1,2019-08-20,2019-08-20,"20 15 4 6"
20,8,2019,20,15,4,9,"n",4,NA,NA,27,1,2019-08-20,2019-08-20,"20 15 4 9"
20,8,2019,20,15,4,13,"n",5,NA,NA,27,1,2019-08-20,2019-08-20,"20 15 4 13"
20,8,2019,15,15,3,0,"n",3,NA,NA,37,1,2019-08-20,2019-08-20,"15 15 3 0"
20,8,2019,20,15,3,45,"d",NA,NA,NA,NA,NA,2019-08-20,2019-08-20,"20 15 3 45"
21,8,2019,15,15,3,60,"d",NA,NA,NA,NA,NA,2019-08-21,2019-08-21,"15 15 3 60"
22,8,2019,25,20,5,6,"n",7,NA,NA,18,1,2019-08-22,2019-08-22,"25 20 5 6"
22,8,2019,25,20,2,60,"f",NA,NA,NA,NA,NA,2019-08-22,2019-08-22,"25 20 2 60"
22,8,2019,20,25,4,0,"n",3,NA,NA,3,5,2019-08-22,2019-08-22,"20 25 4 0"
22,8,2019,20,25,4,9,"n",4,NA,NA,6,3,2019-08-22,2019-08-22,"20 25 4 9"
22,8,2019,20,25,4,13,"n",1,NA,NA,28,1,2019-08-22,2019-08-22,"20 25 4 13"
22,8,2019,15,25,5,0,"n",4,NA,NA,3,4,2019-08-22,2019-08-22,"15 25 5 0"
22,8,2019,25,25,4,45,"d",NA,NA,NA,NA,NA,2019-08-22,2019-08-22,"25 25 4 45"
22,8,2019,25,25,2,60,"f",NA,NA,NA,NA,NA,2019-08-22,2019-08-22,"25 25 2 60"
22,8,2019,20,15,3,13,"e",NA,NA,NA,4,2,2019-08-22,2019-08-22,"20 15 3 13"
22,8,2019,15,15,2,0,"n",6,NA,NA,40,1,2019-08-22,2019-08-22,"15 15 2 0"
22,8,2019,25,15,1,6,"n",6,NA,NA,31,1,2019-08-22,2019-08-22,"25 15 1 6"
22,8,2019,25,15,3,6,"n",5,NA,NA,5,2,2019-08-22,2019-08-22,"25 15 3 6"
22,8,2019,20,15,4,13,"d",NA,NA,NA,NA,NA,2019-08-22,2019-08-22,"20 15 4 13"
22,8,2019,25,20,2,0,"f",NA,NA,NA,NA,NA,2019-08-22,2019-08-22,"25 20 2 0"
22,8,2019,25,25,2,0,"f",NA,NA,NA,NA,NA,2019-08-22,2019-08-22,"25 25 2 0"
22,8,2019,25,20,2,6,"f",NA,NA,NA,NA,NA,2019-08-22,2019-08-22,"25 20 2 6"
22,8,2019,25,25,2,6,"f",NA,NA,NA,NA,NA,2019-08-22,2019-08-22,"25 25 2 6"
22,8,2019,25,20,2,9,"f",NA,NA,NA,NA,NA,2019-08-22,2019-08-22,"25 20 2 9"
22,8,2019,25,25,2,9,"f",NA,NA,NA,NA,NA,2019-08-22,2019-08-22,"25 25 2 9"
22,8,2019,25,20,2,13,"f",NA,NA,NA,NA,NA,2019-08-22,2019-08-22,"25 20 2 13"
22,8,2019,25,25,2,13,"f",NA,NA,NA,NA,NA,2019-08-22,2019-08-22,"25 25 2 13"
22,8,2019,25,20,2,20,"f",NA,NA,NA,NA,NA,2019-08-22,2019-08-22,"25 20 2 20"
22,8,2019,25,25,2,20,"f",NA,NA,NA,NA,NA,2019-08-22,2019-08-22,"25 25 2 20"
22,8,2019,25,20,2,30,"f",NA,NA,NA,NA,NA,2019-08-22,2019-08-22,"25 20 2 30"
22,8,2019,25,25,2,30,"f",NA,NA,NA,NA,NA,2019-08-22,2019-08-22,"25 25 2 30"
22,8,2019,25,20,2,45,"f",NA,NA,NA,NA,NA,2019-08-22,2019-08-22,"25 20 2 45"
22,8,2019,25,25,2,45,"f",NA,NA,NA,NA,NA,2019-08-22,2019-08-22,"25 25 2 45"
23,8,2019,20,25,4,13,"n",3,NA,NA,1,1,2019-08-23,2019-08-23,"20 25 4 13"
23,8,2019,25,25,4,30,"d",NA,NA,NA,NA,NA,2019-08-23,2019-08-23,"25 25 4 30"
24,8,2019,25,20,5,20,"d",NA,NA,NA,NA,NA,2019-08-24,2019-08-24,"25 20 5 20"
24,8,2019,20,25,4,20,"n",1,NA,NA,30,1,2019-08-24,2019-08-24,"20 25 4 20"
24,8,2019,20,25,4,9,"d",NA,NA,NA,NA,NA,2019-08-24,2019-08-24,"20 25 4 9"
24,8,2019,25,25,3,20,"d",NA,NA,NA,NA,NA,2019-08-24,2019-08-24,"25 25 3 20"
24,8,2019,15,15,1,0,"n",4,NA,NA,7,3,2019-08-24,2019-08-24,"15 15 1 0"
24,8,2019,15,15,1,13,"n",9,NA,NA,13,2,2019-08-24,2019-08-24,"15 15 1 13"
24,8,2019,15,15,2,6,"n",7,NA,NA,42,1,2019-08-24,2019-08-24,"15 15 2 6"
24,8,2019,15,15,2,9,"n",4,NA,NA,42,1,2019-08-24,2019-08-24,"15 15 2 9"
24,8,2019,15,15,4,0,"n",4,NA,NA,39,1,2019-08-24,2019-08-24,"15 15 4 0"
24,8,2019,25,15,1,13,"n",2,NA,NA,33,1,2019-08-24,2019-08-24,"25 15 1 13"
24,8,2019,25,20,5,60,"f",NA,NA,NA,NA,NA,2019-08-24,2019-08-24,"25 20 5 60"
24,8,2019,25,20,5,0,"f",NA,NA,NA,NA,NA,2019-08-24,2019-08-24,"25 20 5 0"
24,8,2019,25,20,5,6,"f",NA,NA,NA,NA,NA,2019-08-24,2019-08-24,"25 20 5 6"
24,8,2019,25,20,5,9,"f",NA,NA,NA,NA,NA,2019-08-24,2019-08-24,"25 20 5 9"
24,8,2019,25,20,5,13,"f",NA,NA,NA,NA,NA,2019-08-24,2019-08-24,"25 20 5 13"
24,8,2019,25,20,5,20,"f",NA,NA,NA,NA,NA,2019-08-24,2019-08-24,"25 20 5 20"
24,8,2019,25,20,5,30,"f",NA,NA,NA,NA,NA,2019-08-24,2019-08-24,"25 20 5 30"
24,8,2019,25,20,5,45,"f",NA,NA,NA,NA,NA,2019-08-24,2019-08-24,"25 20 5 45"
25,8,2019,25,20,5,6,"n",5,NA,NA,3,2,2019-08-25,2019-08-25,"25 20 5 6"
25,8,2019,25,20,4,60,"f",NA,NA,NA,NA,NA,2019-08-25,2019-08-25,"25 20 4 60"
25,8,2019,20,25,4,0,"n",4,NA,NA,3,6,2019-08-25,2019-08-25,"20 25 4 0"
25,8,2019,15,25,5,0,"n",3,NA,NA,3,5,2019-08-25,2019-08-25,"15 25 5 0"
25,8,2019,20,15,3,0,"n",3,NA,NA,6,4,2019-08-25,2019-08-25,"20 15 3 0"
25,8,2019,20,15,3,9,"n",4,NA,NA,6,2,2019-08-25,2019-08-25,"20 15 3 9"
25,8,2019,15,15,1,6,"n",6,NA,NA,6,4,2019-08-25,2019-08-25,"15 15 1 6"
25,8,2019,15,15,4,9,"n",4,NA,NA,6,2,2019-08-25,2019-08-25,"15 15 4 9"
25,8,2019,25,15,3,0,"n",4,NA,NA,31,1,2019-08-25,2019-08-25,"25 15 3 0"
25,8,2019,25,15,4,0,"n",3,NA,NA,27,1,2019-08-25,2019-08-25,"25 15 4 0"
25,8,2019,25,20,4,0,"f",NA,NA,NA,NA,NA,2019-08-25,2019-08-25,"25 20 4 0"
25,8,2019,25,20,4,6,"f",NA,NA,NA,NA,NA,2019-08-25,2019-08-25,"25 20 4 6"
25,8,2019,25,20,4,9,"f",NA,NA,NA,NA,NA,2019-08-25,2019-08-25,"25 20 4 9"
25,8,2019,25,20,4,13,"f",NA,NA,NA,NA,NA,2019-08-25,2019-08-25,"25 20 4 13"
25,8,2019,25,20,4,20,"f",NA,NA,NA,NA,NA,2019-08-25,2019-08-25,"25 20 4 20"
25,8,2019,25,20,4,30,"f",NA,NA,NA,NA,NA,2019-08-25,2019-08-25,"25 20 4 30"
25,8,2019,25,20,4,45,"f",NA,NA,NA,NA,NA,2019-08-25,2019-08-25,"25 20 4 45"
26,8,2019,25,25,3,6,"d",NA,NA,NA,NA,NA,2019-08-26,2019-08-26,"25 25 3 6"
26,8,2019,25,25,3,13,"d",NA,NA,NA,NA,NA,2019-08-26,2019-08-26,"25 25 3 13"
26,8,2019,20,15,2,9,"n",6,NA,NA,7,2,2019-08-26,2019-08-26,"20 15 2 9"
26,8,2019,25,15,1,6,"n",1,NA,NA,4,2,2019-08-26,2019-08-26,"25 15 1 6"
26,8,2019,15,15,1,60,"f",NA,NA,NA,NA,NA,2019-08-26,2019-08-26,"15 15 1 60"
26,8,2019,25,25,3,60,"f",NA,NA,NA,NA,NA,2019-08-26,2019-08-26,"25 25 3 60"
26,8,2019,15,15,1,0,"f",NA,NA,NA,NA,NA,2019-08-26,2019-08-26,"15 15 1 0"
26,8,2019,25,25,3,0,"f",NA,NA,NA,NA,NA,2019-08-26,2019-08-26,"25 25 3 0"
26,8,2019,15,15,1,6,"f",NA,NA,NA,NA,NA,2019-08-26,2019-08-26,"15 15 1 6"
26,8,2019,25,25,3,6,"f",NA,NA,NA,NA,NA,2019-08-26,2019-08-26,"25 25 3 6"
26,8,2019,15,15,1,9,"f",NA,NA,NA,NA,NA,2019-08-26,2019-08-26,"15 15 1 9"
26,8,2019,25,25,3,9,"f",NA,NA,NA,NA,NA,2019-08-26,2019-08-26,"25 25 3 9"
26,8,2019,15,15,1,13,"f",NA,NA,NA,NA,NA,2019-08-26,2019-08-26,"15 15 1 13"
26,8,2019,25,25,3,13,"f",NA,NA,NA,NA,NA,2019-08-26,2019-08-26,"25 25 3 13"
26,8,2019,15,15,1,20,"f",NA,NA,NA,NA,NA,2019-08-26,2019-08-26,"15 15 1 20"
26,8,2019,25,25,3,20,"f",NA,NA,NA,NA,NA,2019-08-26,2019-08-26,"25 25 3 20"
26,8,2019,15,15,1,30,"f",NA,NA,NA,NA,NA,2019-08-26,2019-08-26,"15 15 1 30"
26,8,2019,25,25,3,30,"f",NA,NA,NA,NA,NA,2019-08-26,2019-08-26,"25 25 3 30"
26,8,2019,15,15,1,45,"f",NA,NA,NA,NA,NA,2019-08-26,2019-08-26,"15 15 1 45"
26,8,2019,25,25,3,45,"f",NA,NA,NA,NA,NA,2019-08-26,2019-08-26,"25 25 3 45"
27,8,2019,20,25,4,13,"n",3,NA,NA,4,3,2019-08-27,2019-08-27,"20 25 4 13"
27,8,2019,25,25,3,9,"n",1,NA,NA,9,3,2019-08-27,2019-08-27,"25 25 3 9"
27,8,2019,20,25,4,20,"n",1,NA,NA,3,2,2019-08-27,2019-08-27,"20 25 4 20"
27,8,2019,20,15,4,6,"n",5,NA,NA,7,2,2019-08-27,2019-08-27,"20 15 4 6"
27,8,2019,20,15,4,9,"n",6,NA,NA,7,2,2019-08-27,2019-08-27,"20 15 4 9"
27,8,2019,25,15,4,6,"d",NA,NA,NA,NA,NA,2019-08-27,2019-08-27,"25 15 4 6"
27,8,2019,25,15,4,9,"n",6,NA,NA,29,1,2019-08-27,2019-08-27,"25 15 4 9"
27,8,2019,15,15,2,60,"f",NA,NA,NA,NA,NA,2019-08-27,2019-08-27,"15 15 2 60"
27,8,2019,15,15,2,0,"f",NA,NA,NA,NA,NA,2019-08-27,2019-08-27,"15 15 2 0"
27,8,2019,15,15,2,6,"f",NA,NA,NA,NA,NA,2019-08-27,2019-08-27,"15 15 2 6"
27,8,2019,15,15,2,9,"f",NA,NA,NA,NA,NA,2019-08-27,2019-08-27,"15 15 2 9"
27,8,2019,15,15,2,13,"f",NA,NA,NA,NA,NA,2019-08-27,2019-08-27,"15 15 2 13"
27,8,2019,15,15,2,20,"f",NA,NA,NA,NA,NA,2019-08-27,2019-08-27,"15 15 2 20"
27,8,2019,15,15,2,30,"f",NA,NA,NA,NA,NA,2019-08-27,2019-08-27,"15 15 2 30"
27,8,2019,15,15,2,45,"f",NA,NA,NA,NA,NA,2019-08-27,2019-08-27,"15 15 2 45"
28,8,2019,20,15,4,60,"f",NA,NA,NA,NA,NA,2019-08-28,2019-08-28,"20 15 4 60"
28,8,2019,15,15,3,60,"f",NA,NA,NA,NA,NA,2019-08-28,2019-08-28,"15 15 3 60"
28,8,2019,25,15,2,60,"f",NA,NA,NA,NA,NA,2019-08-28,2019-08-28,"25 15 2 60"
28,8,2019,25,15,4,60,"f",NA,NA,NA,NA,NA,2019-08-28,2019-08-28,"25 15 4 60"
28,8,2019,25,25,4,60,"f",NA,NA,NA,NA,NA,2019-08-28,2019-08-28,"25 25 4 60"
28,8,2019,25,25,4,9,"n",3,NA,NA,11,2,2019-08-28,2019-08-28,"25 25 4 9"
28,8,2019,25,25,4,13,"n",3,NA,NA,11,4,2019-08-28,2019-08-28,"25 25 4 13"
28,8,2019,15,15,3,0,"n",2,NA,NA,8,2,2019-08-28,2019-08-28,"15 15 3 0"
28,8,2019,20,15,4,0,"f",NA,NA,NA,NA,NA,2019-08-28,2019-08-28,"20 15 4 0"
28,8,2019,15,15,3,0,"f",NA,NA,NA,NA,NA,2019-08-28,2019-08-28,"15 15 3 0"
28,8,2019,25,15,2,0,"f",NA,NA,NA,NA,NA,2019-08-28,2019-08-28,"25 15 2 0"
28,8,2019,25,15,4,0,"f",NA,NA,NA,NA,NA,2019-08-28,2019-08-28,"25 15 4 0"
28,8,2019,25,25,4,0,"f",NA,NA,NA,NA,NA,2019-08-28,2019-08-28,"25 25 4 0"
28,8,2019,20,15,4,6,"f",NA,NA,NA,NA,NA,2019-08-28,2019-08-28,"20 15 4 6"
28,8,2019,15,15,3,6,"f",NA,NA,NA,NA,NA,2019-08-28,2019-08-28,"15 15 3 6"
28,8,2019,25,15,2,6,"f",NA,NA,NA,NA,NA,2019-08-28,2019-08-28,"25 15 2 6"
28,8,2019,25,15,4,6,"f",NA,NA,NA,NA,NA,2019-08-28,2019-08-28,"25 15 4 6"
28,8,2019,25,25,4,6,"f",NA,NA,NA,NA,NA,2019-08-28,2019-08-28,"25 25 4 6"
28,8,2019,20,15,4,9,"f",NA,NA,NA,NA,NA,2019-08-28,2019-08-28,"20 15 4 9"
28,8,2019,15,15,3,9,"f",NA,NA,NA,NA,NA,2019-08-28,2019-08-28,"15 15 3 9"
28,8,2019,25,15,2,9,"f",NA,NA,NA,NA,NA,2019-08-28,2019-08-28,"25 15 2 9"
28,8,2019,25,15,4,9,"f",NA,NA,NA,NA,NA,2019-08-28,2019-08-28,"25 15 4 9"
28,8,2019,25,25,4,9,"f",NA,NA,NA,NA,NA,2019-08-28,2019-08-28,"25 25 4 9"
28,8,2019,20,15,4,13,"f",NA,NA,NA,NA,NA,2019-08-28,2019-08-28,"20 15 4 13"
28,8,2019,15,15,3,13,"f",NA,NA,NA,NA,NA,2019-08-28,2019-08-28,"15 15 3 13"
28,8,2019,25,15,2,13,"f",NA,NA,NA,NA,NA,2019-08-28,2019-08-28,"25 15 2 13"
28,8,2019,25,15,4,13,"f",NA,NA,NA,NA,NA,2019-08-28,2019-08-28,"25 15 4 13"
28,8,2019,25,25,4,13,"f",NA,NA,NA,NA,NA,2019-08-28,2019-08-28,"25 25 4 13"
28,8,2019,20,15,4,20,"f",NA,NA,NA,NA,NA,2019-08-28,2019-08-28,"20 15 4 20"
28,8,2019,15,15,3,20,"f",NA,NA,NA,NA,NA,2019-08-28,2019-08-28,"15 15 3 20"
28,8,2019,25,15,2,20,"f",NA,NA,NA,NA,NA,2019-08-28,2019-08-28,"25 15 2 20"
28,8,2019,25,15,4,20,"f",NA,NA,NA,NA,NA,2019-08-28,2019-08-28,"25 15 4 20"
28,8,2019,25,25,4,20,"f",NA,NA,NA,NA,NA,2019-08-28,2019-08-28,"25 25 4 20"
28,8,2019,20,15,4,30,"f",NA,NA,NA,NA,NA,2019-08-28,2019-08-28,"20 15 4 30"
28,8,2019,15,15,3,30,"f",NA,NA,NA,NA,NA,2019-08-28,2019-08-28,"15 15 3 30"
28,8,2019,25,15,2,30,"f",NA,NA,NA,NA,NA,2019-08-28,2019-08-28,"25 15 2 30"
28,8,2019,25,15,4,30,"f",NA,NA,NA,NA,NA,2019-08-28,2019-08-28,"25 15 4 30"
28,8,2019,25,25,4,30,"f",NA,NA,NA,NA,NA,2019-08-28,2019-08-28,"25 25 4 30"
28,8,2019,20,15,4,45,"f",NA,NA,NA,NA,NA,2019-08-28,2019-08-28,"20 15 4 45"
28,8,2019,15,15,3,45,"f",NA,NA,NA,NA,NA,2019-08-28,2019-08-28,"15 15 3 45"
28,8,2019,25,15,2,45,"f",NA,NA,NA,NA,NA,2019-08-28,2019-08-28,"25 15 2 45"
28,8,2019,25,15,4,45,"f",NA,NA,NA,NA,NA,2019-08-28,2019-08-28,"25 15 4 45"
28,8,2019,25,25,4,45,"f",NA,NA,NA,NA,NA,2019-08-28,2019-08-28,"25 25 4 45"
29,8,2019,25,20,5,6,"n",4,NA,NA,4,3,2019-08-29,2019-08-29,"25 20 5 6"
29,8,2019,15,25,5,0,"n",5,NA,NA,4,6,2019-08-29,2019-08-29,"15 25 5 0"
29,8,2019,15,25,5,60,"f",NA,NA,NA,NA,NA,2019-08-29,2019-08-29,"15 25 5 60"
29,8,2019,15,15,4,0,"n",4,NA,NA,5,2,2019-08-29,2019-08-29,"15 15 4 0"
29,8,2019,25,15,3,60,"f",NA,NA,NA,NA,NA,2019-08-29,2019-08-29,"25 15 3 60"
29,8,2019,15,25,5,0,"f",NA,NA,NA,NA,NA,2019-08-29,2019-08-29,"15 25 5 0"
29,8,2019,25,15,3,0,"f",NA,NA,NA,NA,NA,2019-08-29,2019-08-29,"25 15 3 0"
29,8,2019,15,25,5,6,"f",NA,NA,NA,NA,NA,2019-08-29,2019-08-29,"15 25 5 6"
29,8,2019,25,15,3,6,"f",NA,NA,NA,NA,NA,2019-08-29,2019-08-29,"25 15 3 6"
29,8,2019,15,25,5,9,"f",NA,NA,NA,NA,NA,2019-08-29,2019-08-29,"15 25 5 9"
29,8,2019,25,15,3,9,"f",NA,NA,NA,NA,NA,2019-08-29,2019-08-29,"25 15 3 9"
29,8,2019,15,25,5,13,"f",NA,NA,NA,NA,NA,2019-08-29,2019-08-29,"15 25 5 13"
29,8,2019,25,15,3,13,"f",NA,NA,NA,NA,NA,2019-08-29,2019-08-29,"25 15 3 13"
29,8,2019,15,25,5,20,"f",NA,NA,NA,NA,NA,2019-08-29,2019-08-29,"15 25 5 20"
29,8,2019,25,15,3,20,"f",NA,NA,NA,NA,NA,2019-08-29,2019-08-29,"25 15 3 20"
29,8,2019,15,25,5,30,"f",NA,NA,NA,NA,NA,2019-08-29,2019-08-29,"15 25 5 30"
29,8,2019,25,15,3,30,"f",NA,NA,NA,NA,NA,2019-08-29,2019-08-29,"25 15 3 30"
29,8,2019,15,25,5,45,"f",NA,NA,NA,NA,NA,2019-08-29,2019-08-29,"15 25 5 45"
29,8,2019,25,15,3,45,"f",NA,NA,NA,NA,NA,2019-08-29,2019-08-29,"25 15 3 45"
30,8,2019,25,15,1,13,"n",3,NA,NA,6,2,2019-08-30,2019-08-30,"25 15 1 13"
30,8,2019,25,15,1,45,"n",3,NA,NA,39,1,2019-08-30,2019-08-30,"25 15 1 45"
30,8,2019,20,15,3,6,"n",8,NA,NA,16,2,2019-08-30,2019-08-30,"20 15 3 6"
30,8,2019,20,15,2,60,"f",NA,NA,NA,NA,NA,2019-08-30,2019-08-30,"20 15 2 60"
30,8,2019,15,15,4,60,"f",NA,NA,NA,NA,NA,2019-08-30,2019-08-30,"15 15 4 60"
30,8,2019,20,15,3,60,"f",NA,NA,NA,NA,NA,2019-08-30,2019-08-30,"20 15 3 60"
30,8,2019,25,15,1,60,"f",NA,NA,NA,NA,NA,2019-08-30,2019-08-30,"25 15 1 60"
30,8,2019,20,15,2,0,"f",NA,NA,NA,NA,NA,2019-08-30,2019-08-30,"20 15 2 0"
30,8,2019,15,15,4,0,"f",NA,NA,NA,NA,NA,2019-08-30,2019-08-30,"15 15 4 0"
30,8,2019,20,15,3,0,"f",NA,NA,NA,NA,NA,2019-08-30,2019-08-30,"20 15 3 0"
30,8,2019,25,15,1,0,"f",NA,NA,NA,NA,NA,2019-08-30,2019-08-30,"25 15 1 0"
30,8,2019,20,15,2,6,"f",NA,NA,NA,NA,NA,2019-08-30,2019-08-30,"20 15 2 6"
30,8,2019,15,15,4,6,"f",NA,NA,NA,NA,NA,2019-08-30,2019-08-30,"15 15 4 6"
30,8,2019,20,15,3,6,"f",NA,NA,NA,NA,NA,2019-08-30,2019-08-30,"20 15 3 6"
30,8,2019,25,15,1,6,"f",NA,NA,NA,NA,NA,2019-08-30,2019-08-30,"25 15 1 6"
30,8,2019,20,15,2,9,"f",NA,NA,NA,NA,NA,2019-08-30,2019-08-30,"20 15 2 9"
30,8,2019,15,15,4,9,"f",NA,NA,NA,NA,NA,2019-08-30,2019-08-30,"15 15 4 9"
30,8,2019,20,15,3,9,"f",NA,NA,NA,NA,NA,2019-08-30,2019-08-30,"20 15 3 9"
30,8,2019,25,15,1,9,"f",NA,NA,NA,NA,NA,2019-08-30,2019-08-30,"25 15 1 9"
30,8,2019,20,15,2,13,"f",NA,NA,NA,NA,NA,2019-08-30,2019-08-30,"20 15 2 13"
30,8,2019,15,15,4,13,"f",NA,NA,NA,NA,NA,2019-08-30,2019-08-30,"15 15 4 13"
30,8,2019,20,15,3,13,"f",NA,NA,NA,NA,NA,2019-08-30,2019-08-30,"20 15 3 13"
30,8,2019,25,15,1,13,"f",NA,NA,NA,NA,NA,2019-08-30,2019-08-30,"25 15 1 13"
30,8,2019,20,15,2,20,"f",NA,NA,NA,NA,NA,2019-08-30,2019-08-30,"20 15 2 20"
30,8,2019,15,15,4,20,"f",NA,NA,NA,NA,NA,2019-08-30,2019-08-30,"15 15 4 20"
30,8,2019,20,15,3,20,"f",NA,NA,NA,NA,NA,2019-08-30,2019-08-30,"20 15 3 20"
30,8,2019,25,15,1,20,"f",NA,NA,NA,NA,NA,2019-08-30,2019-08-30,"25 15 1 20"
30,8,2019,20,15,2,30,"f",NA,NA,NA,NA,NA,2019-08-30,2019-08-30,"20 15 2 30"
30,8,2019,15,15,4,30,"f",NA,NA,NA,NA,NA,2019-08-30,2019-08-30,"15 15 4 30"
30,8,2019,20,15,3,30,"f",NA,NA,NA,NA,NA,2019-08-30,2019-08-30,"20 15 3 30"
30,8,2019,25,15,1,30,"f",NA,NA,NA,NA,NA,2019-08-30,2019-08-30,"25 15 1 30"
30,8,2019,20,15,2,45,"f",NA,NA,NA,NA,NA,2019-08-30,2019-08-30,"20 15 2 45"
30,8,2019,15,15,4,45,"f",NA,NA,NA,NA,NA,2019-08-30,2019-08-30,"15 15 4 45"
30,8,2019,20,15,3,45,"f",NA,NA,NA,NA,NA,2019-08-30,2019-08-30,"20 15 3 45"
30,8,2019,25,15,1,45,"f",NA,NA,NA,NA,NA,2019-08-30,2019-08-30,"25 15 1 45"
31,8,2019,20,20,3,6,"n",4,NA,NA,24,2,2019-08-31,2019-08-31,"20 20 3 6"
8,8,2019,20,15,1,0,"n",0,NA,NA,30,1,2019-08-08,2019-08-08,"20 15 1 0"
8,8,2019,20,15,1,9,"n",0,NA,NA,30,1,2019-08-08,2019-08-08,"20 15 1 9"
8,8,2019,20,25,1,9,"n",0,NA,NA,30,1,2019-08-08,2019-08-08,"20 25 1 9"
8,8,2019,20,25,1,13,"n",0,NA,NA,30,1,2019-08-08,2019-08-08,"20 25 1 13"
8,8,2019,20,15,1,20,"n",0,NA,NA,30,1,2019-08-08,2019-08-08,"20 15 1 20"
8,8,2019,15,20,1,20,"n",0,NA,NA,30,1,2019-08-08,2019-08-08,"15 20 1 20"
9,8,2019,15,20,1,20,"n",0,NA,NA,31,1,2019-08-09,2019-08-09,"15 20 1 20"
8,8,2019,20,15,1,30,"n",0,NA,NA,30,1,2019-08-08,2019-08-08,"20 15 1 30"
8,8,2019,20,25,1,30,"n",0,NA,NA,30,1,2019-08-08,2019-08-08,"20 25 1 30"
8,8,2019,15,20,1,30,"n",0,NA,NA,30,1,2019-08-08,2019-08-08,"15 20 1 30"
9,8,2019,15,20,1,30,"n",0,NA,NA,31,1,2019-08-09,2019-08-09,"15 20 1 30"
4,8,2019,20,20,1,45,"n",0,NA,NA,26,1,2019-08-04,2019-08-04,"20 20 1 45"
8,8,2019,20,15,1,45,"n",0,NA,NA,30,1,2019-08-08,2019-08-08,"20 15 1 45"
26,8,2019,15,15,1,9,"n",0,NA,NA,47,1,2019-08-26,2019-08-26,"15 15 1 9"
26,8,2019,15,15,1,20,"n",0,NA,NA,47,1,2019-08-26,2019-08-26,"15 15 1 20"
26,8,2019,15,15,1,45,"n",0,NA,NA,47,1,2019-08-26,2019-08-26,"15 15 1 45"
30,8,2019,20,15,2,60,"n",0,NA,NA,50,1,2019-08-30,2019-08-30,"20 15 2 60"
30,8,2019,20,15,2,0,"n",0,NA,NA,50,1,2019-08-30,2019-08-30,"20 15 2 0"
30,8,2019,20,15,2,6,"n",0,NA,NA,50,1,2019-08-30,2019-08-30,"20 15 2 6"
10,8,2019,20,25,2,13,"n",0,NA,NA,30,1,2019-08-10,2019-08-10,"20 25 2 13"
10,8,2019,20,25,2,20,"n",0,NA,NA,30,1,2019-08-10,2019-08-10,"20 25 2 20"
30,8,2019,20,15,2,30,"n",0,NA,NA,50,1,2019-08-30,2019-08-30,"20 15 2 30"
27,8,2019,15,15,2,13,"n",0,NA,NA,45,1,2019-08-27,2019-08-27,"15 15 2 13"
27,8,2019,15,15,2,20,"n",0,NA,NA,45,1,2019-08-27,2019-08-27,"15 15 2 20"
12,8,2019,15,25,2,20,"n",0,NA,NA,30,1,2019-08-12,2019-08-12,"15 25 2 20"
12,8,2019,15,25,2,30,"n",0,NA,NA,30,1,2019-08-12,2019-08-12,"15 25 2 30"
28,8,2019,15,15,3,9,"n",0,NA,NA,45,1,2019-08-28,2019-08-28,"15 15 3 9"
28,8,2019,15,15,3,20,"n",0,NA,NA,45,1,2019-08-28,2019-08-28,"15 15 3 20"
13,8,2019,15,25,3,20,"n",0,NA,NA,30,1,2019-08-13,2019-08-13,"15 25 3 20"
13,8,2019,15,25,3,30,"n",0,NA,NA,30,1,2019-08-13,2019-08-13,"15 25 3 30"
14,8,2019,15,20,4,20,"n",0,NA,NA,30,1,2019-08-14,2019-08-14,"15 20 4 20"
14,8,2019,15,20,4,30,"n",0,NA,NA,30,1,2019-08-14,2019-08-14,"15 20 4 30"
30,8,2019,15,15,4,60,"n",0,NA,NA,45,1,2019-08-30,2019-08-30,"15 15 4 60"
15,8,2019,25,20,1,60,"n",0,NA,NA,30,1,2019-08-15,2019-08-15,"25 20 1 60"
15,8,2019,20,20,3,20,"n",0,NA,NA,30,1,2019-08-15,2019-08-15,"20 20 3 20"
30,8,2019,20,15,3,20,"n",0,NA,NA,45,1,2019-08-30,2019-08-30,"20 15 3 20"
30,8,2019,15,15,4,20,"n",0,NA,NA,45,1,2019-08-30,2019-08-30,"15 15 4 20"
15,8,2019,25,20,1,20,"n",0,NA,NA,30,1,2019-08-15,2019-08-15,"25 20 1 20"
30,8,2019,15,15,4,30,"n",0,NA,NA,45,1,2019-08-30,2019-08-30,"15 15 4 30"
15,8,2019,25,20,1,30,"n",0,NA,NA,30,1,2019-08-15,2019-08-15,"25 20 1 30"
16,8,2019,20,25,3,0,"n",0,NA,NA,30,1,2019-08-16,2019-08-16,"20 25 3 0"
16,8,2019,20,25,3,6,"n",0,NA,NA,30,1,2019-08-16,2019-08-16,"20 25 3 6"
16,8,2019,20,25,3,9,"n",0,NA,NA,30,1,2019-08-16,2019-08-16,"20 25 3 9"
16,8,2019,20,25,3,13,"n",0,NA,NA,30,1,2019-08-16,2019-08-16,"20 25 3 13"
16,8,2019,25,25,1,20,"n",0,NA,NA,30,1,2019-08-16,2019-08-16,"25 25 1 20"
16,8,2019,20,25,3,20,"n",0,NA,NA,30,1,2019-08-16,2019-08-16,"20 25 3 20"
16,8,2019,25,25,1,30,"n",0,NA,NA,30,1,2019-08-16,2019-08-16,"25 25 1 30"
16,8,2019,20,25,3,30,"n",0,NA,NA,30,1,2019-08-16,2019-08-16,"20 25 3 30"
17,8,2019,20,20,4,60,"n",0,NA,NA,30,1,2019-08-17,2019-08-17,"20 20 4 60"
17,8,2019,20,20,4,0,"n",0,NA,NA,30,1,2019-08-17,2019-08-17,"20 20 4 0"
17,8,2019,20,20,4,6,"n",0,NA,NA,30,1,2019-08-17,2019-08-17,"20 20 4 6"
17,8,2019,20,20,4,13,"n",0,NA,NA,30,1,2019-08-17,2019-08-17,"20 20 4 13"
17,8,2019,20,20,4,45,"n",0,NA,NA,30,1,2019-08-17,2019-08-17,"20 20 4 45"
30,8,2019,25,15,1,9,"n",0,NA,NA,39,1,2019-08-30,2019-08-30,"25 15 1 9"
30,8,2019,25,15,1,30,"n",0,NA,NA,39,1,2019-08-30,2019-08-30,"25 15 1 30"
22,8,2019,25,25,2,60,"n",0,NA,NA,30,1,2019-08-22,2019-08-22,"25 25 2 60"
22,8,2019,25,25,2,0,"n",0,NA,NA,30,1,2019-08-22,2019-08-22,"25 25 2 0"
22,8,2019,25,25,2,6,"n",0,NA,NA,30,1,2019-08-22,2019-08-22,"25 25 2 6"
22,8,2019,25,25,2,9,"n",0,NA,NA,30,1,2019-08-22,2019-08-22,"25 25 2 9"
22,8,2019,25,20,2,13,"n",0,NA,NA,30,1,2019-08-22,2019-08-22,"25 20 2 13"
22,8,2019,25,25,2,13,"n",0,NA,NA,30,1,2019-08-22,2019-08-22,"25 25 2 13"
22,8,2019,25,20,2,20,"n",0,NA,NA,30,1,2019-08-22,2019-08-22,"25 20 2 20"
22,8,2019,25,25,2,20,"n",0,NA,NA,30,1,2019-08-22,2019-08-22,"25 25 2 20"
22,8,2019,25,25,2,30,"n",0,NA,NA,30,1,2019-08-22,2019-08-22,"25 25 2 30"
4,8,2019,25,20,3,60,"n",0,NA,NA,11,1,2019-08-04,2019-08-04,"25 20 3 60"
28,8,2019,20,15,4,0,"n",0,NA,NA,35,1,2019-08-28,2019-08-28,"20 15 4 0"
28,8,2019,25,15,2,0,"n",0,NA,NA,35,1,2019-08-28,2019-08-28,"25 15 2 0"
4,8,2019,25,20,3,6,"n",0,NA,NA,11,1,2019-08-04,2019-08-04,"25 20 3 6"
28,8,2019,25,15,2,9,"n",0,NA,NA,35,1,2019-08-28,2019-08-28,"25 15 2 9"
4,8,2019,25,20,3,9,"n",0,NA,NA,11,1,2019-08-04,2019-08-04,"25 20 3 9"
28,8,2019,25,15,2,13,"n",0,NA,NA,35,1,2019-08-28,2019-08-28,"25 15 2 13"
4,8,2019,25,20,3,13,"n",0,NA,NA,11,1,2019-08-04,2019-08-04,"25 20 3 13"
28,8,2019,20,15,4,20,"n",0,NA,NA,35,1,2019-08-28,2019-08-28,"20 15 4 20"
4,8,2019,25,20,3,20,"n",0,NA,NA,11,1,2019-08-04,2019-08-04,"25 20 3 20"
4,8,2019,25,20,3,30,"n",0,NA,NA,11,1,2019-08-04,2019-08-04,"25 20 3 30"
4,8,2019,25,20,3,45,"n",0,NA,NA,11,1,2019-08-04,2019-08-04,"25 20 3 45"
29,8,2019,15,25,5,60,"n",0,NA,NA,35,1,2019-08-29,2019-08-29,"15 25 5 60"
26,8,2019,25,25,3,0,"n",0,NA,NA,32,1,2019-08-26,2019-08-26,"25 25 3 0"
29,8,2019,15,25,5,6,"n",0,NA,NA,35,1,2019-08-29,2019-08-29,"15 25 5 6"
29,8,2019,15,25,5,9,"n",0,NA,NA,35,1,2019-08-29,2019-08-29,"15 25 5 9"
29,8,2019,25,15,3,9,"n",0,NA,NA,35,1,2019-08-29,2019-08-29,"25 15 3 9"
29,8,2019,15,25,5,13,"n",0,NA,NA,35,1,2019-08-29,2019-08-29,"15 25 5 13"
29,8,2019,25,15,3,13,"n",0,NA,NA,35,1,2019-08-29,2019-08-29,"25 15 3 13"
29,8,2019,15,25,5,20,"n",0,NA,NA,35,1,2019-08-29,2019-08-29,"15 25 5 20"
29,8,2019,15,25,5,30,"n",0,NA,NA,35,1,2019-08-29,2019-08-29,"15 25 5 30"
29,8,2019,15,25,5,45,"n",0,NA,NA,35,1,2019-08-29,2019-08-29,"15 25 5 45"
25,8,2019,25,20,4,6,"n",0,NA,NA,30,1,2019-08-25,2019-08-25,"25 20 4 6"
25,8,2019,25,20,4,13,"n",0,NA,NA,30,1,2019-08-25,2019-08-25,"25 20 4 13"
28,8,2019,25,25,4,6,"n",0,NA,NA,30,1,2019-08-28,2019-08-28,"25 25 4 6"
28,8,2019,25,15,4,13,"n",0,NA,NA,30,1,2019-08-28,2019-08-28,"25 15 4 13"
28,8,2019,25,25,4,20,"n",0,NA,NA,30,1,2019-08-28,2019-08-28,"25 25 4 20"
24,8,2019,25,20,5,0,"n",0,NA,NA,20,1,2019-08-24,2019-08-24,"25 20 5 0"
24,8,2019,25,20,5,9,"n",0,NA,NA,20,1,2019-08-24,2019-08-24,"25 20 5 9"
24,8,2019,25,20,5,13,"n",0,NA,NA,20,1,2019-08-24,2019-08-24,"25 20 5 13"
